Name,Level Req,Test (g),Length (m),Load Capacity (kg),Cost (pushed up),
Telescopic Rods,,,,,,
Express Fishing Telestick TL13,0,5-35,3.9,4,19,
Express Fishing Telestick TL16,0,5-35,4.8,4,25,
Express Fishing Telestick TL20,0,5-35,6,4,31,
Kama Comfort Tele 4,3,1-50,4,5.5,41,
Kama Comfort Tele 5,3,1-50,5,5.5,45,
Kama Comfort Tele 6,3,1-50,6,5.5,46,
Kama Comfort Tele 7,3,1-50,7,5.5,49,
Express Fishing Starling Stick SS13,3,3-25,4,6.1,58,
Express Fishing Starling Stick SS20,3,3-25,6,6.1,68,
Hazel Fishing Rod,3,3-30,4,6.5,90,
Express Fishing Walrus WS13,6,3-20,4,7.4,159,
Express Fishing Walrus WS20,6,3-20,6,7.4,168,
Express Fishing Walrus WS26,6,3-20,8,7.4,175,
Kama Kontakt 5,7,2-40,5,7,184,
Kama Kontakt 6,7,2-40,6,7,199,
Kama Kontakt 7,7,2-40,7,7,220,
Express Fishing RedStick RS16,8,2-16,5,8,266,
Express Fishing RedStick RS23,8,2-16,7,8,285,
Pomor Ryazanka BK4,8,2-25,4,9.1,898,
Pomor Ryazanka BK6,8,2-25,6,9.1,948,
Pomor Ryazanka BK8,8,2-25,8,9.1,998,
Onega Belmor 5,10,5-25,5,8.6,339,
Onega Belmor 7,10,5-25,7,8.6,369,
Syberia Linear 13,10,4-40,4,8.7,349,
Syberia Linear 20,10,4-40,6,8.7,378,
Syberia Linear 26,10,4-40,8,8.7,394,
Kama Ultra 4,10,1-5,4,2.2,389,
Kama Ultra 5,10,1-5,5,2.2,399,
Kama Ultra 6,10,1-5,6,2.2,419,
Kama Ultra 7,10,1-5,7,2.2,429,
Syberia Genius T500,12,3-24,5,4.9,454,
Syberia Genius T700,12,3-24,7,4.9,489,
Syberia Trophy T400,12,1-6,4,2.6,539,
Syberia Trophy T600,12,1-6,6,2.6,589,
Sybera Model Two T500,14,8-60,5,9.4,675,
Sybera Model Two T600,14,8-60,6,9.4,689,
Sybera Model Two T700,14,8-60,7,9.4,708,
Sybera Model Two T800,14,8-60,8,9.4,778,
Kama Mechta 6,14,1-30,6,10.5,799,
Kama Mechta 8,14,1-30,8,10.5,879,
Onega White Pole 4,14,3-20,4,10.5,859,
Onega White Pole 6,14,3-20,6,10.5,949,
Sybera Model One T700,16,7-80,7,11.2,990,
Onega Aurora Pole 5,16,3-25,5,12,"1,263",
Onega Aurora Pole 7,16,3-25,7,12,"1,370",
Onega Crystal Pole 5,18,2-10,5,6,"1,319",
Onega Crystal Pole 7,18,2-10,7,6,"1,460",
Onega Soul Pole 5,18,1-5,5,3.5,"1,341",
Onega Soul Pole 5,18,1-5,7,3.5,"1,482",
Silver Fish Heritage TL500,18,2-8,5,8,"1,424",
Silver Fish Heritage TL600,18,2-8,6,8,"1,501",
Silver Fish Heritage TL700,18,2-8,7,8,"1,597",
Onega Ethnic Pole 4,20,2-18,4,14,"1,590",
Onega Ethnic Pole 6,20,2-18,6,14,"1,788",
Onega Ethnic Pole 8,20,2-18,8,14,"1,919",
Silver Fish Windmaster TL500,24,2-12,5,7.9,"2,453",
Silver Fish Windmaster TL700,24,2-12,7,7.9,"2,631",
Silver Fish Expression TL500,24,1-5,5,4.5,"2,968",
Silver Fish Expression TL700,24,1-5,7,4.5,"3,250",
Blade Spirit 500,22,2-18,5,18,"3,032",
Blade Spirit 600,22,2-18,6,18,"3,145",
Blade Spirit 700,22,2-18,7,18,"3,358",
VJ Excellent Pole 13,22,2-12,4,7.1,"3,499",
VJ Excellent Pole 19,22,2-12,5.8,7.1,"3,899",
VJ Excellent Pole 26,22,2-12,7.9,7.1,"4,198",
Silver Fish Falcon TL400,22,3-15,4,21.8,"3,102",
Silver Fish Falcon TL600,22,3-15,6,21.8,"3,398",
Silver Fish Falcon TL800,22,3-15,8,21.8,"3,689",
Silver Fish Crimson Star TL500,26,3-18,5,13,"3,464",
Silver Fish Crimson Star TL600,26,3-18,6,13,"3,543",
Silver Fish Crimson Star TL700,26,3-18,7,13,"3,699",
Silver Fish Crimson Star TL800,26,3-18,8,13,"3,988",
Blade Inferno 500,24,2-18,5,25,"6,486",
Blade Inferno 600,24,2-18,6,25,"7,078",
Blade Inferno 700,24,2-18,7,25,"7,794",
Blade Inferno 800,24,2-18,8,25,"8,514",
Blade Razor 400,26,1-10,4,10,"6,615",
Blade Razor 500,26,1-10,5,10,"6,851",
Blade Razor 600,26,1-10,6,10,"7,208",
Blade Razor Ultra 500,26,1-5,5,5.6,"7,197",
Blade Razor Ultra 600,26,1-5,6,5.6,"7,435",
Blade Razor Ultra 700,26,1-5,7,5.6,"7,913",
Blade Razor Ultra 800,26,1-5,8,5.6,"8,514",
Blade Master 500,28,2-18,5,17,"10,178",
Blade Master 500,28,2-18,6,17,"10,868",
Blade Master 500,28,2-18,7,17,"11,960",
Blade Master 500,28,2-18,8,17,"12,981",
Bolognese Rods,,,,,,
Sensiv Bolognese II SB13,0,5-20,4,3.8,59,
Sensiv Bolognese II SB16,0,5-20,5,3.8,65,
Sensiv Bolognese II SB23,0,5-20,7,3.8,71,
Siren Bolognese SB13,3,4-40,4,5.3,133,
Siren Bolognese SB20,3,4-40,6,5.3,148,
S-Eagle Bolognese SB15,6,3-35,4.5,6.2,175,
S-Eagle Bolognese SB20,6,3-35,6,6.2,184,
S-Eagle Bolognese SB25,6,3-35,7.5,6.2,199,
KingMaster Bolognese KB16,8,5-40,5,6.2,352,
KingMaster Bolognese KB20,8,5-40,6,6.2,364,
KingMaster Bolognese KB26,8,5-40,8,6.2,385,
Pomor Ryazanka SK6,8,4-30,6,9.1,995,
Linear Bolognese 400,10,5-35,4,8.1,455,
Linear Bolognese 500,10,5-35,5,8.1,477,
Linear Bolognese 600,10,5-35,6,8.1,490,
Linear Bolognese 700,10,5-35,7,8.1,511,
Genius Bolognese 400,12,3-24,4,4.9,642,
Genius Bolognese 600,12,3-24,6,4.9,685,
Fortuna Bolognese 500,14,3-20,5,4.7,817,
Fortuna Bolognese 600,14,3-20,6,4.7,859,
Fortuna Bolognese 700,14,3-20,7,4.7,899,
Mechta Bolognese 5,14,5-35,5,10.5,980,
Mechta Bolognese 6,14,5-35,6,10.5,"1,078",
Mechta Bolognese 7,14,5-35,7,10.5,"1,099",
Model One Bolognese 500,16,4-25,5,10.3,"1,277",
Model One Bolognese 700,16,4-25,7,10.3,"1,460",
Ethnic Bolognese 4,20,4-30,4,14,"1,798",
Ethnic Bolognese 6,20,4-30,6,14,"1,919",
Ethnic Bolognese 8,20,4-30,8,14,"2,129",
Heritage BL 500,18,4-20,5,8,"1,799",
Heritage BL 600,18,4-20,6,8,"1,864",
Heritage BL 700,18,4-20,7,8,"1,961",
Windmaster BL 500,24,3-15,5,7.9,"2,900",
Windmaster BL 700,24,3-15,7,7.9,"3,007",
Windmaster BL 800,24,3-15,8,7.9,"3,195",
Spirit Bolognese 500,22,2-18,5,18,"3,680",
Spirit Bolognese 600,22,2-18,6,18,"3,782",
Spirit Bolognese 700,22,2-18,7,18,"3,828",
Falcon BL 400,22,4-20,4,20.7,"3,692",
Falcon BL 600,22,4-20,6,20.7,"3,851",
Falcon BL 700,22,4-20,7,20.7,"4,294",
Crimson Star BL 500,26,4-20,5,13,"4,263",
Crimson Star BL 600,26,4-20,6,13,"4,470",
Crimson Star BL 700,26,4-20,7,13,"4,596",
Crimson Star BL 800,26,4-20,8,13,"4,789",
Rebellion BL 600,28,3-18,6,10.5,"5,071",
Rebellion BL 800,28,3-18,8,10.5,"5,500",
Inferno Bolognese 500,24,2-18,5,25,"7,197",
Inferno Bolognese 600,24,2-18,6,25,"7,913",
Inferno Bolognese 700,24,2-18,7,25,"8,635",
Inferno Bolognese 800,24,2-18,8,25,"9,289",
Razor Bolognese 400,26,1-10,4,10,"7,446",
Razor Bolognese 500,26,1-10,5,10,"7,685",
Razor Bolognese 600,26,1-10,6,10,"7,924",
Master Bolognese 500,28,2-18,5,17,"10,914",
Master Bolognese 600,28,2-18,6,17,"11,407",
Master Bolognese 700,28,2-18,7,17,"12,382",
Master Bolognese 800,28,2-18,8,17,"13,295",
Match Rods,,,,,,
Express Fishing Ranger Match RM13,0,10-40,3.9,4.4,49,
Express Fishing Ranger Match RM16,0,10-40,4.8,4.4,68,
Express Fishing Harp Match HM12,7,15-45,3.6,6.1,355,
Express Fishing Harp Match HM16,7,7-40,4.8,4.6,374,
Express Fishing Harp Match HM18,7,7-40,6,4.6,395,
Express Fishing Elite Match 12,10,7-35,3.6,6.8,625,
Express Fishing Elite Match 16,10,7-35,4.8,6.8,640,
Express Fishing Elite Match 18,10,5-25,5.4,7.1,675,
Express Fishing Elite Match 18XH,10,30-250,5.4,8.1,695,
Express Fishing Elite Match 20,10,5-25,6,7.1,698,
Kama Akkord Match 3.6,8,5-25,3.6,9,716,
Kama Akkord Match 3.9,8,5-25,3.9,9,736,
Kama Akkord Match 4.2,8,5-25,4.2,9,756,
Syberia Genius Match M110M,10,5-25,3.5,8.7,778,
Syberia Genius Match M150M,10,5-25,4.5,8.7,819,
Syberia Vertigo Match M130H,8,10-40,3.9,12.4,885,
Syberia Vertigo Match M140H,8,10-40,4.2,12.4,895,
Syberia Vertigo Match M150H,8,7-35,4.5,12.6,917,
Onega Karelia Match 320M,12,5-30,3.2,13,950,
Onega Karelia Match 360M,12,5-30,3.6,13,979,
Onega Karelia Match 380M,12,7-35,3.8,14,999,
Syberia Fortuna Match M130ML,16,5-18,3.9,13,"1,147",
Syberia Fortuna Match M140MH,16,7-32,4.2,16.7,"1,211",
Kama Katapulta 4.2,14,25-275,4.2,16,"1,154",
Kama Sport Match 3.3,14,3-14,3.3,14,"1,262",
Kama Sport Match 3.6,14,3-14,3.6,14,"1,305",
Kama Sport Match 3.9,14,3-14,3.8,14,"1,348",
Kama Sport Match 4.4,14,3-14,4.4,14,"1,370",
Syberia Model One Match M140MH,18,7-35,4.2,16.2,"1,581",
Syberia Model One Match M140XH,18,25-245,4.2,16.9,"1,630",
Onega Ethnic Match 340MH,20,6-30,3.4,18,"1,898",
Onega Ethnic Match 380MH,20,6-30,3.8,19,"2,008",
Onega Ethnic Match 420H,20,12-45,4.2,20,"2,118",
Silver Fish Elementary Match 390,20,5-35,3.9,19.5,"1,971",
Silver Fish Elementary Match 420,20,5-35,4.2,19.5,"2,026",
Silver Fish Inverter Match 300,22,6-28,3,12.8,"2,331",
Silver Fish Inverter Match 330,22,6-28,3.3,12.8,"2,414",
Silver Fish Inverter Match 360,22,6-28,3.6,12.8,"2,470",
Silver Fish Borray Match 390,26,4-21,3.9,14.2,"3,510",
Silver Fish Borray Match 420,26,7-49,4.2,23.9,"3,692",
Silver Fish Borray Match 450,26,7-49,4.5,23.9,"3,976",
Silver Fish Falcon Match 360,26,10-55,3.6,42.6,"2,463",
Silver Fish Falcon Match 390,26,10-55,3.9,42.6,"4,489",
Silver Fish Falcon Match 390XH,26,30-250,3.9,44.1,"4,597",
Silver Fish Rebellion Match 390H,28,12-60,3.9,41.2,"5,199",
Silver Fish Rebellion Match 420H,28,12-60,4.2,41.2,"5,395",
Silver Fish Rebellion Match 450LC,28,8-42,4.5,15,"5,988",
Blade Raven Match 320,28,2-8,3.2,18,"5,440",
Blade Raven Match 340,28,5-35,3.4,36,"5,557",
Blade Raven Match 360,28,12-54,3.6,40,"5,557",
Blade Shooting Match 420,28,5-50,4.2,52,"6,248",
Blade Shooting Match 450,28,30-250,4.5,58,"6,602",
Blade Plasma Match 320,30,3-21,3.2,22,"7,327",
Blade Plasma Match 340,30,4-28,3.4,34,"7,327",
Blade Plasma Match 380,30,5-45,3.8,46,"7,685",
Blade Plasma Match 420,30,8-56,4.2,54,"7,994",
Blade Monster Match 320,32,4.5-28,3.2,31.5,"11,197",
Blade Monster Match 360,32,6-42,3.6,50,"11,568",
Blade Monster Match 400,32,7-49,4,58,"14,065",
Blade Monster Match 440,32,12-60,4.4,65,"15,900",
Spinning Rods,,,,,,
Express Fishing Corona S60L,0,2-10,1.8,3.9,19,
Express Fishing Corona S60MH,0,10-30,1.8,4.2,20,
Express Fishing Corona S66MH,0,10-30,2,4.2,24,
Express Fishing Corona S66H,0,15-60,2,5.4,34,
Express Fishing Corona S70H,0,15-60,2,5.4,36,
Express Fishing Dynamic S60MH,3,10-30,1.8,5.9,86,
Express Fishing Dynamic S66H,3,15-45,2,6.5,91,
Express Fishing Dynamic S70MH,3,10-30,3.8,5.9,103,
Express Fishing Arrow S60UL,5,1-7,1.8,3,170,
Express Fishing Arrow S60L,5,3-10.5,1.8,5,162,
Express Fishing Arrow S66M,5,6-20,2,7,169,
Express Fishing Arrow S70M,5,4-16,2.1,7,174,
Kama Comfort SF60MH,6,10-30,1.8,10,182,
Kama Comfort SXF68H,6,20-50,2,11,190,
Kama Comfort SF70MH,6,10-30,2.1,10,196,
Kama Comfort SF70XH,6,40-100,2.1,13,196,
Kama Comfort SF78M,6,5-25,2.4,9,204,
Kama Comfort SXF78H,6,20-50,2.4,11,204,
Kama Comfort SF88MH,6,10-30,2.4,10,204,
Kama Comfort SXF88H,6,20-50,2.4,11,204,
Kama Comfort SF88XH,6,40-100,2.7,13,217,
Kama Comfort SXF98H,6,20-50,3,11,227,
Kama Comfort SF98XH,6,40-100,3,13,227,
Express Fishing Heavy S70H,7,18-40,2.1,11,210,
Express Fishing Heavy S70XH,7,25-80,2.1,13.1,238,
Express Fishing Heavy S80XH,7,40-120,2.4,15.4,248,
Premuim Stick S60M,8,5-15,1.8,7.7,299,
Premuim Stick S60H,8,7-28,1.8,9.1,299,
Premuim Stick S60MH,8,7-21,1.8,9,299,
Premuim Stick S66MH,8,7-21,2,9,309,
Premuim Stick S70H,8,7-28,2.1,9.1,315,
Premuim Stick S70MH,8,7-21,2.1,9,315,
Premuim Stick S80H,8,7-28,2.4,9.1,322,
Premuim Stick S90MH,8,7-21,2.7,9,348,
Onega Belmor SPF78M,10,5-20,2.4,12,398,
Onega Belmor SPF78MH,10,7-28,2.4,13,419,
Onega Belmor SPF88H,10,12-48,2.7,14,449,
Onega Belmor SPXF88XH,10,20-60,2.7,16,498,
Syberia Linear S60L,10,2-10,1.8,7,439,
Syberia Linear S60ML,10,3-15,2.1,11,445,
Syberia Linear S78MH,10,10-30,2.4,13.5,498,Still to correct weight
Syberia Linear S78H,10,12-45,2.4,15.3,504,Still to correct weight
Syberia Linear S88H,10,12-45,2.7,15.3,508,Still to correct weight
Syberia Linear S88XH,10,40-80,2.7,20.1,568,Still to correct weight
Syberia Linear S98H,10,12-45,3,15.3,544,Still to correct weight
Kama Lait SS60UL,9,1-7,1.8,4,519,Still to correct weight
Kama Lait SS70l,9,2-12,2.1,7.5,539,Still to correct weight
Kama Lait SS78ML,9,3-15,2.4,11.5,559,Still to correct weight
Syberia Fortuna S60MH,12,7-21,1.8,13.5,635,Still to correct weight
Syberia Fortuna S60H,12,12-28,1.8,14,635,Still to correct weight
Syberia Fortuna S66MH,12,7-21,2,13.5,648,Still to correct weight
Syberia Fortuna S68MH,12,7-28,2.1,14.5,667,Still to correct weight
Onega Karelia SPM66L,12,2-10,2,10.2,740,Still to correct weight
Onega Karelia SPM68ML,12,4-16,2.1,12,746,Still to correct weight
Onega Karelia SPF78M,12,5-20,2.4,16,749,Still to correct weight
Syberia Inspiration S60UL,13,1-4,1.8,4.5,799,Still to correct weight
Syberia Inspiration S68UL,13,1-4,2.1,4.5,808,Still to correct weight
Syberia Inspiration S68L,13,3-12,2.1,12.1,808,Still to correct weight
Syberia Inspiration S78L,13,3-12,2.4,12.1,814,Still to correct weight
Syberia Inspiration S78ML,13,4-20,2.4,14,814,Still to correct weight
Syberia Super Duty S78H,12,14-70,2.4,30.4,898,Still to correct weight
Syberia Super Duty S78MH,12,15-45,2.4,30,898,Still to correct weight
Syberia Super Duty S88H,12,14-70,2.7,30.4,922,Still to correct weight
Syberia Super Duty S88XH,12,25-100,2.7,38.2,"1,112",Still to correct weight
Kama Metchta SF60MH,14,7-30,1.8,20,920,Still to correct weight
Kama Metchta SF68ML,14,4-17,2,17,920,Still to correct weight
Kama Metchta SM70UL,14,1-7,2.1,5.1,930,Still to correct weight
Kama Metchta SM70L,14,2-10,2.1,13,930,Still to correct weight
Kama Metchta SXF70MH,14,10-35,2.1,19,930,Still to correct weight
Kama Metchta SF78MH,14,7-30,2.4,20,940,Still to correct weight
Kama Metchta SXF78XH,14,25-90,2.4,23,940,Still to correct weight
Kama Metchta SM88MH,14,7-35,2.7,17,960,Still to correct weight
Kama Metchta SXF88H,14,15-50,2.7,21,960,Still to correct weight
Syberia Model One S78L,15,2-10,2.4,20.3,"1,255",Still to correct weight
Syberia Model One S78M,15,5-30,2.4,29.8,"1,233",Still to correct weight
Syberia Model One S78ML,15,6-24,2.4,28.2,"1,253",Still to correct weight
Syberia Model One S88MH,15,10-35,2.7,33,"1,277",Still to correct weight
Syberia Model One S98H,15,15-50,3,45.8,"1,351",Still to correct weight
Heaven Creek Aeros SP60UL,16,1-4,1.8,6.5,"1,560",Still to correct weight
Heaven Creek Aeros SP60ML,16,4-16,1.8,29,"1,505",Still to correct weight
Heaven Creek Aeros SP68MH,16,7-28,2.1,34.5,"1,560",Still to correct weight
Zeiman Ventura SPF66ML,16,3.5-14,2,22,"1,590",Still to correct weight
Zeiman Ventura SPXF66MH,16,10.5-28,2,30,"1,699",Still to correct weight
Zeiman Ventura SPF70H,16,7-28,2.1,34.1,"1,810",Still to correct weight
Zeiman Ventura SPF70MH,16,7-21,2.1,31,"1,766",Still to correct weight
Zeiman Ventura SPXF70M,16,7-17.5,2.1,26,"1,590",Still to correct weight
Onega Ethnic SPF66MH,16,7-21,2,26,"1,710",Still to correct weight
Onega Ethnic SPM68UL,16,1-5,2.1,7,"1,899",Still to correct weight
Onega Ethnic SPM78L,16,2-10,2.4,17,"1,974",Still to correct weight
Onega Ethnic SPF8MH,16,7-21,2.4,26,"1,864",Still to correct weight
Onega Ethnic SPXF78H,16,12-36,2.4,36.1,"2,084",Still to correct weight
Onega Ethnic SPF88MH,16,7-21,2.7,26,"1,886",Still to correct weight
Onega Ethnic SPM88MH,16,7-28,2.7,27,"1,919",Still to correct weight
Onega Ethnic SPXF98H,16,12-36,3,36.1,"2,139",Still to correct weight
Zeiman Integra SPF66M,18,6-16,2,31.1,"2,029",Still to correct weight
Zeiman Integra SPF66MH,18,7-21,2,33.3,"2,029",Still to correct weight
Zeiman Integra SPF70ML,18,3.5-12,2.1,26,"2,361",Still to correct weight
Zeiman Integra SPF70M,18,5-17.5,2.1,32.2,"2,095",Still to correct weight
Zeiman Integra SPF70MH,18,7-21,2.1,33.3,"2,095",Still to correct weight
Zeiman Integra SPF77M,18,5-17.5,2.4,32.2,"2,139",Still to correct weight
Heaven Creek Cardena SPF60L,20,2-7,1.8,16,"2,114",Still to correct weight
Heaven Creek Cardena SPM68UL,20,1-5,2.1,8,"2,626",Still to correct weight
Heaven Creek Cardena SPM68L,20,2-10,2.1,25.9,"2,614",Still to correct weight
Heaven Creek Cardena SPM78ML,20,3-14,2.4,33.8,"2,715",Still to correct weight
Zeiman Versa SPF66ML,22,4-14,2,28.1,"3,022",Still to correct weight
Zeiman Versa SPF66M,22,7-19,2,33.1,"3,022",Still to correct weight
Zeiman Versa SPF70UL,22,1-5,2.1,8.5,"3,135",Still to correct weight
Zeiman Versa SPM70L,22,2.5-12,2.1,21,"3,135",Still to correct weight
Zeiman Versa SPF77M,22,7-19,2.4,33.1,"3,135",Still to correct weight
Zeiman Versa SPF77XH,22,12-42,2.4,35,"3,135",Still to correct weight
Zeiman Versa SPF88H,22,7-28,2.7,35.5,"3,259",Still to correct weight
Zeiman Versa SPF88MH,22,7-21,2.7,33.1,"3,259",Still to correct weight
Heaven Creek Evora SPM78ML,24,5-20,2.4,41.1,"3,238",Still to correct weight
Heaven Creek Evora SPSL66MH,24,8-40,2.7,48.4,"3,464",Still to correct weight
Heaven Creek Evora SPM98H,24,10-42,3,49.2,"3,669",Still to correct weight
Zeiman Pulse SPF60UL,24,1.5-5,1.8,9,"3,815",Still to correct weight
Zeiman Pulse SPF66L,24,2.5-9,2,15,"3,815",Still to correct weight
Zeiman Pulse SP66ML,24,4-14,2,25.4,"3,815",Still to correct weight
Zeiman Pulse SPXF70M,24,7-17.5,2.1,26.1,"3,929",Still to correct weight
Zeiman Pulse SPF77H,24,7-28,2.4,28,"3,986",Still to correct weight
Zeiman Pulse SP77MH,24,7-21,2.4,26.2,"3,986",Still to correct weight
Heaven Creek Palmera UL SPM68UL,25,1-4,2.1,13.6,"4,113",Still to correct weight
Heaven Creek Palmera UL SPM78L,25,2-9,2.4,39.7,"4,920",Still to correct weight
Heaven Creek Barracuda SPM68M,25,5-25,2.1,83.7,"4,274",Still to correct weight
Heaven Creek Barracuda SPM7878M,25,4-18,2.4,82.6,"4,389",Still to correct weight
Heaven Creek Barracuda SPM88M,25,5-25,2.7,83.7,"4,850",Still to correct weight
Heaven Creek Barracuda SPSL88MH,25,7-45,2.7,102.6,"4,839",Still to correct weight
Heaven Creek Barracuda SPM88H,25,15-80,2.7,100.9,"5,315",Still to correct weight
Segun Advent S-F66L,26,3-9,2,23.1,"4,383",Still to correct weight
Segun Advent S-F66ML,26,4-12,2,31.3,"4,383",Still to correct weight
Segun Advent S-F70MH,26,5-28,2.1,32,"4,501",Still to correct weight
Segun Advent S-F70H,26,8-42,2.1,45,"4,570",Still to correct weight
Segun Advent S-F70HH,26,10-56,2.1,50,"4,605",Still to correct weight
Segun Advent S-F70HHH,26,21-70,2.1,53,"4,709",Still to correct weight
Segun Advent S-F86HH,26,10-56,2.6,50,"4,813",Still to correct weight
Segun Advent S-F93MH,26,5-28,2.8,32,"4,859",Still to correct weight
Segun Advent S-F96H,26,8-42,2.9,45,"4,929",Still to correct weight
Segun Advent S-F100HHH,26,21-70,3,53,"4,995",Still to correct weight
Zeiman Legend SPF66UL,26,1-5,1.8,10.1,"5,313",Still to correct weight
Zeiman Legend SPF66L,26,2-8,1.8,16,"5,081",Still to correct weight
Zeiman Legend SPF66M,26,5-17.5,1.8,39.5,"5,313",Still to correct weight
Zeiman Legend SPF68ML,26,3.5-12,2,29,"5,313",Still to correct weight
Zeiman Legend SPF70M,26,5-17.5,2.1,39.5,"5,383",Still to correct weight
Zeiman Legend SPF70MH,26,7-21,2.1,42.1,"5,383",Still to correct weight
Zeiman Legend SPF77ML,26,3.5-12,2.4,29,"5,441",Still to correct weight
Zeiman Legend SPF77H,26,10.5-28,2.4,41.5,"5,383",Still to correct weight
Zeiman Legend SPF77XH,26,12-42,2.4,42.5,"5,441",Still to correct weight
Heaven Creek Armada SPF60M,26,5-14,1.8,16.8,"5,542",Still to correct weight
Heaven Creek Armada SPF60MH,26,7-21,1.8,22.8,"5,536",Still to correct weight
Heaven Creek Armada SPEF68M,26,4-10,2.1,13.8,"5,700",Still to correct weight
Heaven Creek Armada SPF68H,26,12-28,2.1,21.9,"5,770",Still to correct weight
Heaven Creek Armada SPF68XH,26,14-48,2.1,25.7,"5,770",Still to correct weight
Heaven Creek Armada SPF78MH,26,7-21,2.4,22.8,"5,846",Still to correct weight
Heaven Creek Black Edition SPM60ML,27,3-12,1.8,30.3,"6,487",Still to correct weight
Heaven Creek Black Edition SPF60MH,27,7-21,1.8,45,"6,487",Still to correct weight
Heaven Creek Black Edition SPXF60H,27,12-28,1.8,43.7,"6,646",Still to correct weight
Heaven Creek Black Edition SPM68MH,27,7-28,2.1,50.8,"6,948",Still to correct weight
Heaven Creek Black Edition SPXF68M,27,7-16,2.1,40.7,"6,948",Still to correct weight
Heaven Creek Black Edition SPXF68H,27,12-28,2.1,43.7,"6,948",Still to correct weight
Heaven Creek Black Edition SPM78MH,27,7-28,2.4,50.8,"7,305",Still to correct weight
Heaven Creek Black Edition SPF78XH,27,14-42,2.4,51.3,"7,305",Still to correct weight
Segun Vexillar S-F66L,28,1.75-8.75,2,17.1,"9,118",Still to correct weight
Segun Vexillar S-F66MH,28,7-28,2,40,"9,118",Still to correct weight
Segun Vexillar S-F70UL,28,1-4,2.1,11.5,"9,118",Still to correct weight
Segun Aquilon S-M68ULL,28,0.5-4,2,12,"11,563",Still to correct weight
Segun Aquilon S-M70UL,28,0.5-5,2.1,13,"12,805",Still to correct weight
Segun Aquilon S-M71L,28,1-7,2.1,20,"11,563",Still to correct weight
Segun Trout Master S-M60L,28,1-8,1.8,21,"12,560",Still to correct weight
Segun Trout Master S-M68L,28,2-10,2,25,"13,310",Still to correct weight
Segun Trout Master S-M71ML,28,3-18,2.15,50,"13,937",Still to correct weight
Segun Trout Master S-M82M,28,5-20,2.5,80,"14,442",Still to correct weight
Segun Ultima S-M60UL,30,1-5,1.8,14,"17,773",Still to correct weight
Segun Ultima S-M61L,30,2-8,1.8,36,"18,773",Still to correct weight
Segun Ultima S-M68ML,30,3-12,2,60,"17,773",Still to correct weight
Segun Ultima S-M75ML,30,3-18,2.25,62,"18,808",Still to correct weight
Segun Ultima S-M78L,30,2-12,2.35,38,"20,808",Still to correct weight
Segun Ultima S-M87H,30,7-30,2.6,125,"21,802",Still to correct weight
Segun Ultima S-M88HH,30,12-50,2.7,136,"22,958",Still to correct weight
Segun Ultima S-M100HH,30,15-70,3,142,"24,861",Still to correct weight
Casting Rods,,,,,,
Corona CST C60MH,0,10-30,1.8,4.2,30,
Corona CST C66MH,0,10-30,2,4.2,34,
Corona CST C66H,0,15-60,2,5.4,34,
Corona CST C70H,0,15-60,2.1,5.4,36,
Dynamic CST C60MH,3,10-30,1.8,5.9,86,
Dynamic CST C60H,3,15-45,1.8,6.5,79,
Dynamic CST C66MH,3,10-30,2,5.9,95,
Dynamic CST C70M,3,7-21,2.1,6.5,113,
Vision CST C66MH,4,5-30,2,9.9,139,
Arrow CST C60M,5,5-20,1.8,7,155,
Arrow CST C70M,5,5-20,2.1,7,174,
Heavy CST C66H,7,18-40,2,11,205,
Heavy CST C70XH,7,25-80,2.1,13.1,238,
Heavy CST C80XH,7,40-120,2.2,15.4,253,
Premium Stick CST C60MH,8,7-21,1.8,9,315,
Premium Stick CST C66H,8,7-28,2,9.1,318,
Premium Stick CST C66MH,8,7-21,2,9,314,
Premium Stick CST C70M,8,5-15,2.1,7.7,319,
Premium Stick CST C70H,8,7-28,2.1,9.1,310,
Premium Stick CST C70MH,8,7-21,2.1,9,319,
Premium Stick CST C80M,8,5-15,2.4,7.7,322,
Premium Stick CST C80H,8,7-28,2.4,9.1,321,
Belmor CSTF78M,10,5-20,2.4,12,398,
Belmor CSTF78MH,10,7-28,2.4,13,419,
Belmor CSTF88H,10,12-48,2.7,14,449,
Belmor CSTXF88XH,10,20-60,2.7,16,498,
Linear CST 68ML,10,3-15,2.1,11,478,
Linear CST 78MH,10,10-30,2.4,13.5,497,
Linear CST 98H,10,12-45,3,15.3,547,
Lait CSTSL68UL,9,1-7,1.8,4,529,
Lait CSTSL70L,9,2-12,2.1,7.5,539,
Lait CSTSL78ML,9,2.4,2.4,8,559,
Fortuna CST 60MH,14,7-21,1.8,13.5,687,
Fortuna CST 66MH,14,7-28,2,14.5,709,
Fortuna CST 68MH,14,7-11,2.1,13.5,726,
Karelia CSTM68L,12,2-10,2.1,10.2,744,
Karelia CSTM78ML,12,4-16,2.4,12,749,
Karelia CSTF78M,12,5-20,2.4,16,749,
Karelia CSTF78MH,12,10-40,2.4,18,769,
Karelia CSTF78M,12,15-45,1.8,24,888,
Karelia CSTF78MH,12,14-70,2.4,24.3,898,
Karelia CSTF78M,12,25-100,2.6,30.5,"1,102",
Karelia CSTF78MH,12,7-30,1.8,20,920,
Super Duty CST60MH,14,15-45,1.8,24,888,
Super Duty CST78H,14,14-70,2.4,24.3,898,
Super Duty CST86XH,14,25-100,2.6,30.5,"1,102",
Mechta CSTF68ML,14,4-17,2,17,920,
Mechta CSTM70UL,14,1-7,2.1,5.1,930,
Mechta CSTM70L,14,2-10,2.1,13,930,
Mechta CSTF78MH,14,7-30,2.4,20,930,
Mechta CSTXF78MH,14,10-35,2.4,19,930,
Mechta CSTXF88H,14,15-50,2.7,21,960,
Mechta CSTXF88XH,14,25-90,2.7,23,960,
Mechta CSTM98MH,14,7-35,3,17,990,
Aurora CSTF78M,14,6-21,2.4,20,"1,136",
Aurora CSTXF78MH,14,7-19,2.4,21,"1,188",
Aurora CSTF88H,14,12-28,2.7,28,"1,244",
Model One CST S68ML,15,5-15,2.1,14.2,"1,407",
Model One CST S68MH,15,10-25,2.1,21,"1,395",
Model One CST S78L,15,2-10,2.4,15.7,"1,471",
Model One CST S78M,15,5-30,2.4,23,"1,437",
Model One CST S88H,15,15-50,2.7,35.4,"1,406",
Aeros CST CSXF60H,16,10-28,1.8,32.1,"1,700",
Aeros CST CSXF66MH,16,7-28,2.1,27.6,"1,532",
Ventura CF66ML,16,3.5-14,2,22,"1,590",
Ventura CF66MH,16,7-21,2,31,"1,699",
Ventura CXF70M,16,7-17.5,2.1,26,"1,590",
Ventura CFXF70MH,16,10.5-28,2.1,30,"1,766",
Ventura CM77H,16,14-70,2.4,34.5,"1,876",
Ethnic CSTF66MH,16,7-21,2,26,"1,710",
Ethnic CSTM68UL,16,1-5,2.1,7,"1,899",
Ethnic CSTM78L,16,2-10,2.4,17,"1,974",
Ethnic CSTF78ML,16,4-16,2.4,20,"1,853",
Ethnic CSTXF78H,16,12-36,2.4,36.1,"2,084",
Ethnic CSTM88MH,16,7-28,2.7,27,"1,919",
Ethnic CSTF88H,16,12-48,2.7,36,"2,095",
Ethnic CSTXF88XH,16,20-60,2.7,35,"2,095",
Ethnic CSTXF98H,16,12-36,3,36.1,"2,139",
Inregra CF66M,18,6-16,2,31.1,"2,029",
Inregra CF70ML,18,3.5-12,2.1,26,"2,361",
Inregra CF70MH,18,7-21,2.1,33.3,"2,095",
Inregra CF77M,18,5-17.5,2.4,32.2,"2,139",
Cardena CST CSF60L,20,2-7,1.8,16,"2,150",
Cardena CST CSM68UL,20,1-5,2.1,6.8,"2,799",
Cardena CST CSM78ML,20,4-16,2.4,37.5,"2,844",
Versa CF66ML,22,4-14,2,22,"3,022",
Versa CM66MH,22,7-28,2,35.5,"3,022",
Versa CF70UL,22,1-5,2.1,7.5,"3,135",
Versa CM70L,22,2.5-12,2.1,21,"3,135",
Versa CF77M,22,4.5-17.5,2.4,23,"3,135",
Versa CF77XH,22,12-42,2.4,35,"3,135",
Versa CF80MH,22,7-28,2.5,35.5,"3,259",
Versa CM80H,22,14.7,2.5,35,"3,259",
Evora CST CSSL78MH,24,8-40,2.4,38.7,"3,533",
Evora CST CSSL98H,24,12-60,3,49.4,"3,760",
Pulse CF60UL,24,1.5-5,1.8,6.5,"3,815",
Pulse CF66L,24,2.5-9,2,9,"3,815",
Pulse CF66ML,24,4-14,2,12.5,"3,815",
Pulse CF70MH,24,7-28,2.1,21.6,"3,929",
Pulse CXF70M,24,7-17.5,2.1,18.1,"3,929",
Pulse CF70H,24,14-52,2.1,23,"3,929",
Pulse CF70XH,24,21-77,2.1,23,"3,929",
Advent CST-F66L,26,3-9,2,17.1,"4,383",
Advent CST-F66ML,26,4-12,2,28,"4,383",
Advent CST-F70MH,26,5-28,2.1,32,"4,501",
Advent CST-F70H,26,8-42,2.1,45,"4,570",
Advent CST-F70HH,26,10-56,2.1,50,"4,605",
Advent CST-F70HHH,26,21-70,2.1,53,"4,709",
Advent CST-F86HH,26,10-56,2.6,50,"4,813",
Advent CST-F93MH,26,5-28,2.8,32,"4,859",
Advent CST-F96H,26,8-42,2.9,45,"4,929",
Advent CST-F100HHH,26,21-70,3,53,"4,995",
Barracuda CST CSM68M,25,5-25,2.1,78.8,"4,493",
Barracuda CST CSSL78M,25,3-20,2.4,60.8,"4,528",
Barracuda CST CSSL88MH,25,7-45,2.7,96.6,"5,315",
Barracuda CST CSM88H,25,15-80,2.7,95,"5,315",
Rocket CM77M,26,5-20,2.4,78.6,"4,733",
Rocket CM88MH,26,7-35,2.7,84,"4,965",
Rocket CM88H,26,10.5-45.5,2.7,86.2,"5,081",
Rocket CM88XH,26,17.5-80,2.7,89.9,"5,197",
Legend CF66UL,26,1-5,1.8,9.5,"5,313",
Legend CF66L,26,2-8,1.8,16,"5,081",
Legend CF66M,26,5-17.5,1.8,39.5,"5,313",
Legend CF68ML,26,3.5-12,2,29,"5,313",
Legend CF70m,26,5-17.5,2.1,39.5,"5,383",
Legend CF70MH,26,10.5-28,2.1,41.5,"5,382",
Legend CF77ML,26,3.5-12,2.4,29,"5,441",
Legend CF77H,26,14-42,2.4,42,"5,383",
Armada CST CSXF60UL,26,2-4,1.8,5.1,"6,098",
Armada CST CSF60M,26,5-14,1.8,16.8,"6,133",
Armada CST CSF60MH,26,7-21,1.8,22.8,"5,992",
Armada CST CSXF60H,26,12-28,1.8,21.9,"6,098",
Armada CST CSXF68M,26,4-10,2.1,13.8,"6,227",
Armada CST CSF68MH,26,7-21,2.1,22.8,"6,239",
Armada CST CSF68XH,26,14-48,2.1,25.7,"6,239",
Black Edition CST CSF60MH,27,7-21,1.8,45,"6,961",
Black Edition CST CSXF60H,27,12-28,1.8,43.7,"6,991",
Black Edition CST CSF68M,27,5-15,2.1,42.7,"7,276",
Black Edition CST CSM68MH,27,7-28,2.1,50.8,"7,175",
Black Edition CST CSXF68M,27,7-16,2.1,40.7,"7,198",
Black Edition CST CSF68XH,27,14-42,2.1,51.3,"7,598",
Black Edition CST CSF78MH,27,7-21,2.4,45,"7,789",
Vexillar CST-F66L,28,1.75-8.75,2,15,"9,118",
Vexillar CST-F66MH,28,7-28,2,40,"9,118",
Vexillar CST-F70UL,28,1-4,2.1,10,"9,118",
Vexillar CST-F70H,28,12-42,2.1,42,"9,118",
Aquilon CST-M68ULL,28,0.5-4,2,12,"11,563",
Aquilon CST-M70UL,28,0.5-5,2.1,13,"12,805",
Aquilon CST-M71L,28,1-7,2.1,20,"11,563",
Trout Master CST-M60L,28,1-8,1.8,21,"12,560",
Trout Master CST-M68L,28,2-10,2,25,"13,310",
Trout Master CST-M71ML,28,3-18,2.15,50,"13,937",
Trout Master CST-M82M,28,5-20,2.5,80,"14,442",
Trout Master CST-M88MH,28,7-35,2.7,100,"16,220",
Ultima CST-M60UL,30,1-5,1.8,14,"17,773",
Ultima CST-M61L,30,2-8,1.8,36,"17,773",
Ultima CST-M68ML,30,3-12,2,60,"17,773",
Ultima CST-M75ML,30,3-18,2.25,62,"18,808",
Ultima CST-M77M,30,5-25,2.4,106,"19,197",
Ultima CST-M87H,30,7-30,2.6,125,"21,802",
Ultima CST-M88HH,30,12-50,2.7,136,"22,958",
Ultima CST-M100HH,30,15-70,3,142,"24,861",
Jerk Rods,,,,,,
Heavy Jerk C70XH,18,40-120,2.1,15.4,372,
Heavy Jerk C80XH,18,25-90,2.4,13.1,398,
Mechta JXF70XH,14,25-90,2.1,23,739,
Super Duty Jerk JR60XH,20,30-120,1.8,27.7,895,
Super Duty Jerk JR68XH,20,40-150,2.1,28.5,938,
Fortuna Jerk J60H,20,20-50,1.8,23.9,"1,136",
Fortuna Jerk J60XH,20,35-100,1.8,30.5,"1,244",
Karelia Jerk JXF66H,22,15-50,2,32.1,"1,372",
Karelia Jerk JXF70H,22,40-120,2.1,34.1,"1,394",
Model One Jerk J60H,24,18-65,1.8,35,"1,575",
Model One Jerk J60XH,24,30-110,1.8,39.4,"1,575",
Model One Jerk J68XH,24,35-130,2.1,40.1,"1,633",
Ethnic Jerk JF66H,24,15-60,2,43.1,"2,417",
Ethnic Jerk JXF70H,24,25-70,2.1,44.3,"2,472",
Ethnic Jerk JXF70XH,24,40-120,2.1,45.2,"2,528",
Versus JF70MH,24,15-50,2.1,38,"3,029",
Versus JF70H,24,25-75,2.1,39.5,"3,029",
Versus JF77XH,24,30-100,2.2,40.5,"3,141",
Legend JXF70H,26,25-60,2.1,46,"5,383",
Legend JXF70XH,26,45-110,2.1,49.3,"5,383",
Barracuda JB JSF60MH,26,20-60,1.8,60.8,"5,431",
Barracuda JB JSF68H,26,30-95,2.1,61.9,"5,898",
Barracuda JB JSF68XH,26,45-140,2.1,62.4,"5,898",
Muskie Strike JSF60H,28,16-54,1.8,49.7,"7,782",
Muskie Strike JSF60XH,28,35-110,1.8,54.1,"7,782",
Muskie Strike JSF68XH,28,35-90,2.1,48.2,"8,142",
Advent J-F68H,28,12-42,2,50,"7,804",
Advent J-F68HH,28,21 -70,2,52,"7,924",
Advent J-F70HHH,28,35-112,2.1,54,"8,163",
Ultima J-F68MH,32,10-30,2,72,"17,773",
Ultima J-F70H,32,15-40,2.1,77,"18,549",
Ultima J-F71HH,32,25-75,2.1,84,"19,197",
Ultima J-F72HHH,32,40-125,2.1,88,"20,110",
Feeder Rods,,,,,,
Sorento FD100,0,20-100,3.2,4.6,35,
Sorento FD120,0,20-100,3.8,4.6,40,
Sorento FD130,0,20-100,4.2,4.6,42,
Comfort FD330,0,15-80,3.3,6,80,
Comfort FD360,0,20-100,3.6,6,84,
Comfort FD390,0,30-120,3.9,6,89,
Asteria FD110,3,10-80,3.4,7.8,139,
Asteria FD130,3,10-80,4,7.8,149,
Palmar FD120,7,25-90,3.8,12.5,248,
Palmar FD150,7,25-90,4.6,12.5,263,
Fantazia FD350,8,20-90,3.5,14,299,
Fantazia FD370,8,30-120,3.7,14,309,
Fantazia FD390,8,40-140,3.9,14,319,
Fantazia FD410,8,45-180,4.1,14,329,
Parsey FD110,8,20-110,3.6,16,380,
Parsey FD140,8,20-110,4.4,16,398,
Fortuna Feeder FD390,9,20-100,3.9,17.7,449,
Fortuna Feeder FD420,9,35-120,4.2,19,478,
Impuls FD390,12,20-90,3.9,21,599,
Impuls FD420,12,25-120,4.2,21,619,
Impuls FD450,12,30-140,4.5,21,639,
Sentense FD340MH,13,15-80,3.4,24.7,757,
Mechta FD360,14,25-90,3.6,25,799,
Mechta FD390,14,30-100,3.9,25,819,
Mechta FD420,14,35-120,4.2,25,839,
Mechta FD440,14,45-160,4.4,25,849,
Model Two FD360M,15,15-70,3.6,23.9,835,
Model Two FD360MH,15,18-95,3.6,25.9,868,
Model Two FD390XH,15,30-120,3.9,26,884,
Model Two FD420H,15,30-150,4.2,26.2,918,
Model One FD360M,16,14-65,3.6,27.5,"1,298",
Model One FD390M,16,18-85,3.9,27.9,"1,343",
Model One FD420H,16,25-115,4.2,29.3,"1,389",
Model One FD450XH,16,40-140,4.5,29.7,"1,459",
Wingate FF110H,20,25-100,3.3,32.3,"1,911",
Wingate FF120H,20,30-120,3.6,33,"1,964",
Wingate FF130XH,20,40-160,3.9,33.7,"2,031",
Coldstream FM120MH,22,16-80,3.6,33.3,"2,453",
Coldstream FM130H,22,25-120,3.9,35.8,"2,553",
Coldstream FM140H,22,25-120,4.2,35.8,"2,732",
Bunessan FF120H,24,20-60,3.6,14.8,"3,013",
Bunessan FXF120XH,24,25-60,3.6,14,"3,013",
Bunessan FF120H,24,30-95,3.9,16.2,"3,125",
Bunessan FF140H,24,20-60,4.2,14.8,"3,193",
Blackwood FSL130H,25,20-90,3.9,24.1,"4,377",
Blackwood FSL140XH,25,30-140,4.2,25.5,"4,734",
Royal FM120H,26,28-120,3.6,33.2,"5,303",
Royal FM130XH,26,35-135,3.9,33.8,"5,547",
Royal FM130XXH,26,50-140,3.9,30.7,"5,664",
Picker Rods,,,,,,
Palmar PCK78,7,5-35,2.4,6.2,268,
Palmar PCK88,7,5-35,2.7,6.2,288,
Fortuna Picker P300-MH,10,7-35,3,9.9,389,
Persey PCK98,9,5-40,3,8.8,485,
Impuls P300,12,10-50,3,10,659,
Mechta P240,14,10-40,2.4,14,800,
Mechta P270,14,15-50,2.7,15,810,
Mechta P300,14,20-60,3,16,840,
Model Two Picker 270M,14,5-21,2.7,6.2,819,
Model Two Picker 300MH,14,8-32,3,11.1,899,
Model One Picker 240M,16,4-18,2.4,15.1,"1,146",
Model One Picker 270M,16,7-35,2.7,22,"1,189",
Model One Picker 300MH,16,9-41,3,25.9,"1,254",
Wingate Picker PF98H,20,12-45,3,26,"1,799",
Bunessan Picker PF88H,24,8-24,2.7,10.4,"2,799",
Bunessan Picker PF88XH,24,12-28,2.7,13.1,"2,799",
Bunessan Picker PF98XH,24,15-45,3,14.9,"2,912",
Blackwood Picker PSL98MH,25,10-50,3,18,"4,147",
Royal Picker PM88MH,26,10-40,2.7,29.5,"4,966",
Royal Picker PF98H,26,12-36,3,24.5,"5,024",
Royal Picker PM98H,26,15-55,3,29.4,"5,163",
Carp Rods,,,,,,
Express Fishing Persey CP110,12,25-115,3.4,20.1,716,
Express Fishing Persey CP120,12,25-115,3.9,20.1,755,
Syberia Classic Model Carp 360H,12,25-90,3.6,26,995,
Syberia Classic Model Carp 360XH,12,40-130,3.6,27.4,995,
Kama Mechta Carp 340,14,20-90,3.4,30,"1,318",
Kama Mechta Carp 360,14,30-130,3.6,33,"1,372",
Kama Mechta Carp 380,14,40-160,3.8,35,"1,405",
Syberia Fortuna Carp 360M,16,18-90,3.6,31.2,"1,679",
Syberia Fortuna Carp 360H,16,28-130,3.6,35.5,"1,679",
Syberia Fortuna Carp 360XH,16,35-160,3.6,39,"1,679",
Westhill Carp Dominator CSL118H,26,38-160,3.6,49.6,"7,903",
Westhill Carp Dominator CF118XH,26,50-140,3.6,45.9,"7,664",
Westhill Carp Dominator CM128XH,26,55-200,3.9,51,"8,593",
Westhill Carp Dominator CF128XH,26,65-180,3.9,47.5,"8,193",
Kingfisher Native 12-2.75,25,35-130,3.6,50,"7,888",
Kingfisher Native 12-3.50,25,45-160,3.6,52,"7,996",
Kingfisher Native 13-3.50,25,45-160,3.9,52,"8,156",
Kingfisher Sage 12-2.75,26,40-130,3.6,56,"9,477",
Kingfisher Sage 12-3.00,26,50-145,3.6,58,"9,790",
Kingfisher Sage 12-3.25,26,55-155,3.6,59,"9,895",
Kingfisher Sage 12-3.50,26,60-165,3.6,60,"9,965",
Kingfisher Sage 13-3.00,26,50-145,3.9,58,"10,089",
Kingfisher Sage 13-3.50,26,60-165,3.9,60,"10,162",
Kingfisher Atlas 12-4.00,27,60-185,3.6,57,"9,733",
Kingfisher Atlas 12-4.50,27,70-210,3.6,59,"9,991",
Kingfisher Atlas 13-5.00,27,80-260,3.9,62,"10,500",
Kingfisher Avalon 12-2.75,28,55-140,3.6,62,"10,949",
Kingfisher Avalon 12-3.25,28,65-170,3.6,64.1,"11,196",
Kingfisher Avalon 12-3.50,28,70-185,3.6,65.2,"11,889",
Kingfisher Avalon 12-3.75,28,75-195,3.9,66,"12,266",
Kingfisher Legacy 12-2.50,28,40-120,3.6,70.2,"15,328",
Kingfisher Legacy 12-3.00,28,45-140,3.6,72.1,"15,837",
Kingfisher Legacy 12-3.25,28,50-155,3.6,73.3,"15,978",
Kingfisher Legacy 12-3.50,28,55-170,3.6,75,"16,493",
Kingfisher Legacy 12-3.75,28,60-180,3.6,76,"16,961",
Kingfisher Legacy 13-4.00,28,65-195,3.9,78,"17,473",
Kingfisher Legacy 13-4.50,28,70-220,3.9,80.2,"18,490",
Kingfisher Legacy Ti 12-2.50,30,40-120,3.6,70.2,"16,604",
Kingfisher Legacy Ti 12-3.00,30,45-140,3.6,72.1,"17,117",
Kingfisher Legacy Ti 12-3.25,30,50-155,3.6,73.3,"17,258",
Kingfisher Legacy Ti 12-3.50,30,55-170,3.6,75,"17,795",
Kingfisher Legacy Ti 12-3.75,30,60-180,3.6,76,"18,384",
Kingfisher Legacy Ti 13-4.00,30,65-195,3.9,78,"18,960",
Kingfisher Legacy Ti 13-4.50,30,70-220,3.9,80.2,"19,989",
Pilker Rods,,,,,,
Saltmaster - Fjord Ultra 88,22,20-110,2.65,25.4,"2,400",
Saltmaster - Fjord 88,22,25-130,2.65,28.5,"2,600",
Saltmaster - Offshore 88,22,90-320,2.65,38.2,"3,499",
Saltmaster - Inshore 92,22,40-185,2.75,33,"2,899",
7 Seas - 80 - 30104,24,30-140,2.4,36.3,"3,899",
7 Seas- 80 - 120420,24,120-420,2.4,52.3,"4,598",
7 Seas- 88 - 50190,24,50-190,2.7,41.3,"4,198",
7 Seas- 80 - 120420,24,120-420,2.7,54,"4,897",
Ocean Queen - 86- 50150,25,50-150,2.6,48.2,"5,398",
Ocean Queen - 86 - 100300,25,100-300,2.6,61.1,"6,197",
Ocean Queen - 86 - 160420,25,160-420,2.6,68.2,"6,659",
Poseidon Jig & Pilker 82 - 30130,26,30-130,2.4,45.5,"7,499",
Poseidon Jig & Pilker 92 - 40190,26,40-190,2.75,56.4,"8,397",
Poseidon Jig & Pilker 92 - 80210,26,80-210,2.75,75.3,"9,898",
Poseidon Sensi- 80- 20130,28,20-130,2.4,49.2,"8,899",
Poseidon Sensi- 88- 50190,28,50190,2.7,63.7,"9,498",
Boat Rods,,,,,,
Fjordmaster 70-012,24,30-160,2.1,40.2,"3,899",
Fjordmaster 70-020,24,50-240,2.1,43.6,"4,193",
Fjordmaster 70-030,24,60-320,2.1,46.1,"4,498",
Fjordmaster 70-050,24,80-440,2.1,48,"4,698",
WTA/Duel strike 60-040,25,30-400,1.85,59.2,"6,298",
WTA/Duel strike 70-015,25,30-200,2.1,55,"5,897",
WTA/Duel strike 70-025,25,30-300,2.1,57,"6,198",
WTA/Duel strike 70-040,25,30-400,2.1,62,"6,798",
WTA/Coast runner 70-025,26,40-240,2.1,76,"7,896",
WTA/Coast runner 70-040,26,60-360,2.1,78.3,"8,296",
WTA/Coast runner 70-050,26,100-500,2.1,83.1,"8,698",
Nordmaster 70-30,26,200-700,2.1,95,"9,796",
Trister Deep Jig 68-020,28,160-600,2,107.5,"12,398",
Trister Deep Jig 68-030,28,200-1000,2,115.4,"13,196",
Trister Deep Jig 68-050,28,300-1600,2,128.2,"14,896",
Trister Deep Jig 78-030,28,200-1000,2.35,119.3,"13,896",
Trister Deep Jig 78-050,28,300-1600,2.35,135.6,"15,698",
WTA Arctic Special 70-030,30,200-600,2.1,125.5,"16,291",
WTA Deep Attack 70-095,30,500-2000,2.1,159.1,"19,491",
Storm Rider 70-030,30,200-600,2.1,147.8,"19,796",
Storm Rider 70-050,30,200-1000,2.1,155.6,"20,395",
WTA Polar Hunter 70-030,30,200-800,2.1,163,"23,695",
WTA Poseidon 70-050,32,200-1400,2.1,188.3,"27,896",
WTA Poseidon 70-080,32,300-2000,2.1,198.4,"29,496",
WTA Poseidon 70-100,32,400-2500,2.1,214.7,"33,296",
WTA Poseidon 80-050,32,200-1400,2.4,193.1,"29,798",
WTA Poseidon 80-080,32,300-2000,2.4,206.5,"31,896",
WTA Poseidon 80-100,32,400-2500,2.4,218.4,"36,896",
Poseidon Ultra 70-100,32,400-3000,2.1,232.2,"43,998",
Poseidon Ultra 80-100,32,400-3000,2.4,238.3,"47,998",