Reel,Reel Type,Drag,Size,Cost,Lvl,Saltwater,Gear Ratio,Test,0.11,0.14,0.18,0.20,0.22,0.24,0.25,0.26,0.28,0.32,0.36,0.42,0.48,0.56,0.78,Stars,KJ Max Load,VK Max Load,PHC Max Load
Billionaire 50R,Classic Baitcasting,11,5000,2298.5,18,No,5.1:1,12,,,,,,,220,,212,201,,,,,,4,,,58
Billionaire 60R,Classic Baitcasting,13.6,6000,3796.6,21,No,5.1:1,17.5,,,,,,,290,,280,265,,,,,,4,,71.05,71
Billionaire H-Version 60R,Classic Baitcasting,18,6000,7509.5,25,No,5.1:1,18.5,,,,,,,290,,280,265,,,,,,4,79.9,,79
Billionaire H-Version 60R LCTR,Classic Baitcasting,18,6000,7804.8,25,No,5.1:1,18.5,,,,,,,290,,280,265,,,,,,4,79.9,,79
Black Box ZBB50,Classic Baitcasting,9,5000,1159.8,16,No,5.9:1,11.5,,,,,,,209,,202,192,,,,,,3.5,,,
Black Box ZBB60,Classic Baitcasting,11,6000,1570.46,17,No,5.9:1,18,,,,,,,290,,280,265,,,,,,3.5,41.3,40-41.7,41
Black Box ZBB60 LCTR,Classic Baitcasting,11,6000,1690.68,17,No,5.9:1,18,,,,,,,290,,280,265,,,,,,3.5,41.3,40-41.7,41
Castmaster LGR1973 MC,Classic Baitcasting,15.4,5000,4198.8,22,No,3.2:1,12.5,,,,,,,235,,194,156,,,,,,4,,75.42,
Centauri ZC70,Classic Baitcasting,20.4,7000,15998.5,27,Yes,4.7:1,27.5,,,,,,,386,,366,343,,,,,,4.5,,,>100
Centauri ZC80,Classic Baitcasting,23.5,8000,20947.9,28,Yes,4.7:1,35,,,,,,,567,,532,475,,,,,,4.5,125,125.85,
Centauri ZC80 LCTR,Classic Baitcasting,23.5,8000,21674.08,28,Yes,4.7:1,35,,,,,,,567,,532,475,,,,,,4.5,125,125.85,
Classic ZC70,Classic Baitcasting,23.5,7000,16594.18,27,Yes,4.1:1,29,,,,,,,405,,384,360,,,,,,4.5,>98,>98,>97.99
Compact ZC40,Classic Baitcasting,8.6,4000,899,15,No,5.3:1,9.5,,,,,,,150,,144,137,,,,,,3.5,30.1,,
Compact ZC50,Classic Baitcasting,8.6,5000,949,16,No,5.3:1,13.5,,,,,,,200,,193,183,,,,,,3.5,36,,
Compact ZC60,Classic Baitcasting,9,6000,1124.26,16,No,5.3:1,23.5,,,,,,,280,,270,256,,,,,,3.5,,,~33
Imperial R600,Classic Baitcasting,16.3,6000,9116.82,26,Yes,4.4:1,15,,,,,,,339,,328,311,,,,,,4.5,>98,96,96
Magellan 400,Classic Baitcasting,6.3,4000,399,10,No,5.2:1,14,,,,,,,145,,140,132,,,,,,2,,,
Minister 2000,Classic Baitcasting,8.6,2000,2125.82,20,No,4.5:1,5.5,,,,,,,140,,116,93,,,,,,4,54.47,54.54,
Minister CS 60,Classic Baitcasting,17.2,6000,9699.8,26,No,5.1:1,15.5,,,,,,,290,,280,265,,,,,,4.5,,,>80
Minister CS ES60 Pearl,Classic Baitcasting,26.3,6000,26998.8,28,No,4.7:1,11.5,,,,,,,290,,280,265,,,,,,5,,,>100
Minister CS ES60 Yellow,Classic Baitcasting,26.3,6000,26998.8,28,No,4.7:1,11.5,,,,,,,290,,280,265,,,,,,5,,,>100
Minister CS LD60 Blue,Classic Baitcasting,20,6000,14998.8,27,No,5.1:1,13,,,,,,,290,,280,265,,,,,,4.5,,,>90
Minister CS PG60 Orange,Classic Baitcasting,19,6000,13998.8,27,No,3.8:1,15.5,,,,,,,290,,280,265,,,,,,4.5,,116.64,116.6
Minister CS SG60 Purple,Classic Baitcasting,18.1,6000,11999.8,26,No,5.1:1,15.5,,,,,,,290,,280,265,,,,,,4.5,,,>90
Minister CS SG60 Red,Classic Baitcasting,18.1,6000,11999.8,26,No,5.1:1,15.5,,,,,,,290,,280,265,,,,,,4.5,,,>90
Minister CS SR60 Green,Classic Baitcasting,19,6000,12799.8,27,No,5.1:1,15.5,,,,,,,290,,280,265,,,,,,4.5,,,>90
Minister NGT LD50,Classic Baitcasting,19,5000,11498.5,26,No,5.3:1,10,,,,,,,220,,212,201,,,,,,4.5,92,92.01,92
Minister NGT LD60,Classic Baitcasting,20,6000,13424.83,27,No,5.1:1,15,,,,,,,290,,280,265,,,,,,4.5,97.75,97.75,97.75
Minister Phantom LWC20,Classic Baitcasting,11,2000,24445.42,28,No,6.3:1,3.2,,,,,,,120,,115,109,,,,,,5,62,62.05-62.11,62
Rocket Jet RJ7,Classic Baitcasting,27.2,7000,24032.57,28,Yes,4.1:1,18,,,,,,,405,,384,360,,,,,,5,126,126,126
SAL5000,Classic Baitcasting,18.2,5000,7998.5,26,No,5.3:1,11,,,,,,,275,,228,182,,,,,,4.5,106,106.1,
Spider 400-R2,Classic Baitcasting,7.5,4000,499,12,No,5.1:1,13,,,,,,,150,,144,137,,,,,,2.5,,,
SteelHead 500-R,Classic Baitcasting,12.5,5000,2357.6,19,No,5.1:1,15.5,,,,,,,220,,212,201,,,,,,3.5,,,
SteelHead 600-R,Classic Baitcasting,16,6000,4710.9,22,No,5.1:1,25.5,,,,,,,280,,270,256,,,,,,3.5,54.6,53-56.3,54
Winner Round II,Classic Baitcasting,5.5,5000,249,5,No,5.1:1,17,,,,,,,200,,193,183,,,,,,1.5,,,
ZM Monster LD60,Classic Baitcasting,20.9,6000,15318.2,27,No,5.1:1,11,,,,,,,265,,256,242,,,,,,4.5,90.15,90.17,90.17
ZM Ranger Z60,Classic Baitcasting,15.9,6000,6298.5,25,No,5.3:1,13,,,,,,,290,,280,265,,,,,,4.5,78,78.01,78
ZM Ranger Z70,Classic Baitcasting,18.1,7000,9976.5,25,Yes,4.1:1,29,,,,,,,405,,384,360,,,,,,4.5,88,88.19,88
ZM-3 Spear SG70,Classic Baitcasting,19,7000,11432.76,26,Yes,4.1:1,29,,,,,,,405,,384,360,,,,,,4.5,97.5,97.45,97.45
ZM-3 Z40,Classic Baitcasting,11,4000,2498.8,19,No,5.3:1,7.5,,,,,,,150,,144,137,,,,,,4,,63,50~
ZM-3 Z50,Classic Baitcasting,12.7,5000,2988.5,20,No,5.3:1,11.5,,,,,,,220,,212,201,,,,,,4,,,55~
ZM-3 Z60,Classic Baitcasting,12.7,6000,3407.7,20,No,5.3:1,17,,,,,,,290,,280,265,,,,,,4,,,60~
ZM-4 Z40,Classic Baitcasting,12.7,4000,4096.8,22,No,6.3:1,6.5,,,,,,,150,,144,137,,,,,,4,,63.34,63
ZM-4 Z50,Classic Baitcasting,15,5000,4598.6,22,No,6.3:1,10.5,,,,,,,220,,212,201,,,,,,4,76.5,68.95-69.4,69
ZM-4 Z60,Classic Baitcasting,15,6000,5536.6,24,No,6.3:1,13.5,,,,,,,290,,280,265,,,,,,4,76.5,74.19,>69
ZM-Steelness ZMS50,Classic Baitcasting,17.2,5000,7784.9,25,Yes,6.8:1,10.5,,,,,,,220,,212,201,,,,,,4.5,84.2,,80-90
ZM-Steelness ZMS60,Classic Baitcasting,17.2,6000,8499.7,25,Yes,5.3:1,15.5,,,,,,,290,,280,265,,,,,,4.5,91,91.84,91.8
Zodiac 500-R2,Classic Baitcasting,8,5000,799,15,No,5.1:1,15.5,,,,,,,209,,202,192,,,,,,3,,29.25,
Zodiac 500-R2 L-CTR,Classic Baitcasting,8,5000,869,15,No,5.1:1,15.5,,,,,,,209,,202,192,,,,,,3,,29.25,
Albacore 20,Conventional,23.6,20,44479.2,30,Yes,5.7:1,17.5,,,,,,,679,,657,622,,,,,,5,,,>132
Albacore 40 DS,Conventional,30.8,40,61982.5,32,Yes,5.2:1 / 2.3:1,53.5,,,,,,,1350,,1304,1235,,,,,,5,,,>300
Altitude 10 DLC,Conventional,11,10,3189.5,22,Yes,5.1:1,17,,,,,,,275,,265,251,,,,,,4,46.22,46.12-46.22,46
Altitude 20 DLC,Conventional,12.7,20,4387.7,22,Yes,4.7:1,30,,,,,,,445,,430,407,,,,,,4,53.37,53.37,53
Argus 10,Conventional,10.9,10,3790.5,22,Yes,4.2:1,13.5,,,,,,,280,,270,256,,,,,,4,,,
Argus 20,Conventional,11.8,20,4590.5,22,Yes,4.2:1,19,,,,,,,419,,405,384,,,,,,4,,,
Argus 20LC,Conventional,11.8,20,4858.5,22,Yes,4.2:1,19,,,,,,,419,,405,384,,,,,,4,,,
Argus 30,Conventional,12.7,30,5189.5,22,Yes,4.2:1,39,,,,,,,690,,666,631,,,,,,4,64.97,64.97,65
Billionaire CNV 10,Conventional,18,10,10879.5,26,Yes,5.1:1,24,,,,,,,290,,280,265,,,,,,4,,,
Billionaire CNV 20,Conventional,20,20,14949.8,26,Yes,5.1:1,32,,,,,,,465,,449,425,,,,,,4,,,
Billionaire CNV 30 MS,Conventional,21.7,30,19978.5,28,Yes,4.2:1 / 2.1:1,52.5,,,,,,,770,,744,704,,,,,,4,88.14,88.14,88
Borealica 20 DS,Conventional,30.8,20,68998.5,32,Yes,5.0:1 / 1.7:1,20,,,,,,,665,,642,608,,,,,,5,,,
Borealica 30 DS,Conventional,34,30,78998.5,34,Yes,4.0:1 / 1.7:1,49.5,,,,,,,1098,,1058,1002,,,,,,5,,,
Cardinal 10,Conventional,20,10,16478.9,28,Yes,6.0:1,16.5,,,,,,,620,,599,567,,,,,,4.5,,,
Cardinal 20,Conventional,21.8,20,24587.6,28,Yes,3.5:1,27,,,,,,,839,,811,769,,,,,,4.5,,,132
Cardinal 20 2S,Conventional,21.8,20,25289.5,28,Yes,3.8:1 / 1.7:1,27,,,,,,,839,,811,769,,,,,,4.5,>132.61,>132.62,132
Cardinal 30,Conventional,22.7,30,31084.7,30,Yes,3.5:1,56,,,,,,,1550,,1497,1419,,,,,,4.5,,,>132
Cardinal 30 2S,Conventional,22.7,30,33979.8,30,Yes,3.8:1 / 1.7:1,56,,,,,,,1550,,1497,1419,,,,,,4.5,,153,>132
Hamra C-LW 10,Conventional,10.9,10,2498.8,22,Yes,3.4:1,17.5,,,,,,,295,,285,270,,,,,,4,,,
Hamra C-LW 20,Conventional,11.8,20,3098.7,22,Yes,3.2:1,29,,,,,,,395,,381,361,,,,,,4,,,
Hamra C-LW 20LC,Conventional,11.8,20,3398.9,22,Yes,3.2:1,29,,,,,,,395,,381,361,,,,,,4,,,
Hamra C-LW 30,Conventional,12.7,30,4198.6,23,Yes,2.8:1,48,,,,,,,620,,599,567,,,,,,4,,52,
Halibut 20,Conventional,12.7,20,3589.7,24,Yes,6.4:1,18.5,,,,,,,580,,560,530,,,,,,4,,40,40
Halibut 20 2S,Conventional,12.7,20,3989.8,24,Yes,6.4:1 / 3.8:1,18.5,,,,,,,580,,560,530,,,,,,4,40.71,40.71,40
Imperial C 40 2S,Conventional,32.6,40,74993.7,34,Yes,4.6:1 / 1.6:1,80.5,,,,,,,1250,,1207,1144,,,,,,5,,>205,
Isinga C-LW 10,Conventional,11.8,10,3385.3,22,Yes,5.1:1,17,,,,,,,290,,280,265,,,,,,4,,,
Isinga C-LW 10LC,Conventional,11.8,10,3594.6,22,Yes,5.1:1,17,,,,,,,290,,280,265,,,,,,4,,,
Isinga C-LW 20,Conventional,12.7,20,4193.4,22,Yes,5.1:1,28,,,,,,,435,,420,398,,,,,,4,,,
Isinga C-LW 20LC,Conventional,12.7,20,4496.7,22,Yes,5.1:1,28,,,,,,,435,,420,398,,,,,,4,,,
Isinga C-LW 30,Conventional,14.5,30,5994.5,24,Yes,3.9:1,47,,,,,,,745,,719,682,,,,,,4,63.83,63.83,64
Isinga C-LW 30LC,Conventional,14.5,30,6297.5,24,Yes,3.9:1,47,,,,,,,745,,719,682,,,,,,4,63.83,63.83,64
Narga C-LW 10,Conventional,8.2,10,1189.6,22,Yes,5.1:1,17.5,,,,,,,290,,280,265,,,,,,3.5,,,
Narga C-LW 20,Conventional,9,20,1347.6,22,Yes,5.1:1,29,,,,,,,435,,420,398,,,,,,3.5,,,
Narga C-LW 30,Conventional,10,30,1889.8,22,Yes,3.9:1,48,,,,,,,644,,623,590,,,,,,3.5,33.22,33.22,
Oriental 20,Conventional,14.5,20,8188.7,24,Yes,5.2:1,19,,,,,,,440,,425,402,,,,,,4,,,
Oriental 30,Conventional,15.9,30,9388.7,24,Yes,5.2:1,40.5,,,,,,,730,,705,668,,,,,,4,,,
Palomar 10,Conventional,17.2,10,13987.5,26,Yes,6.2:1,13,,,,,,,310,,299,283,,,,,,4.5,,,
Palomar 20,Conventional,18.1,20,16785.3,26,Yes,6.2:1,18.5,,,,,,,515,,497,471,,,,,,4.5,,,
Palomar 30,Conventional,19,30,18484.7,26,Yes,6.2:1,38,,,,,,,790,,763,723,,,,,,4.5,,,>109
Rigal 20 2S,Conventional,16.3,20,8798.9,26,Yes,6.4:1 / 3.8:1,17,,,,,,,580,,560,530,,,,,,4,74.33,74.33,74
Seagull 20,Conventional,10,20,1988.8,22,Yes,6.2:1,29,,,,,,,515,,497,471,,,,,,3.5,,,
Seagull 30,Conventional,11.8,30,2689.9,22,Yes,6.2:1,45,,,,,,,650,,628,595,,,,,,3.5,,,
Simplex 200,Conventional,8.2,20,1188.8,20,Yes,5.1:1,28,,,,,,,450,,434,411,,,,,,3.5,,,
Simplex 300,Conventional,9,30,1388.65,20,Yes,3.8:1,46,,,,,,,860,,831,787,,,,,,3.5,,,
Simplex 300LC,Conventional,9,30,1578.9,20,Yes,3.8:1,46,,,,,,,860,,831,787,,,,,,3.5,,,
Simplex 400,Conventional,10,40,1989.8,20,Yes,3.8:1,63.5,,,,,,,1240,,1198,1135,,,,,,3.5,33.75,33.75,
Steelhead C-10,Conventional,14.5,10,5389.5,24,Yes,4.8:1,19,,,,,,,280,,270,256,,,,,,4,,,
Steelhead C-20,Conventional,16,20,6279.8,24,Yes,4.8:1,30.5,,,,,,,454,,439,416,,,,,,4,,,
Steelhead C-30,Conventional,17.2,30,8979.8,26,Yes,4.8:1,50.5,,,,,,,690,,666,631,,,,,,4,54.12,54.12,54
Taiga C 20,Conventional,15.4,20,9693.4,24,Yes,4.0:1,32.5,,,,,,,575,,555,526,,,,,,4,,,
Taiga C 30,Conventional,15.4,30,10494.3,24,Yes,3.3:1,54,,,,,,,795,,768,727,,,,,,4,109.46,109.46,109
Taiga C 40,Conventional,17.2,40,15589.7,26,Yes,2.9:1,77,,,,,,,1320,,1275,1208,,,,,,4,,,>109
Taiga LTD C 20 2S,Conventional,22.7,20,38983.4,30,Yes,4.3:1 / 1.8:1,32.5,,,,,,,660,,637,604,,,,,,4.5,,,>132
Taiga LTD C 40 2S,Conventional,24.5,40,42986.6,30,Yes,4.3:1 / 1.8:1,77,,,,,,,1490,,1439,1364,,,,,,4.5,,274,>200
Tera C-LW 20,Conventional,18.1,20,12978.7,25,Yes,4.9:1,31,,,,,,,505,,488,462,,,,,,4.5,,,
Tera C-LW 30,Conventional,19,30,17498.9,26,Yes,4.9:1,53,,,,,,,835,,806,764,,,,,,4.5,,,
Tera C-LW 30LC,Conventional,19,30,17998.9,26,Yes,4.9:1,53,,,,,,,835,,806,764,,,,,,4.5,,,
Tera C-LW 40,Conventional,20.9,40,24997.5,26,Yes,4.0:1,73,,,,,,,1250,,1207,1144,,,,,,4.5,,,
Tera L-LD 20,Conventional,19,20,16983.3,26,Yes,6.1:1,29.5,,,,,,,615,,594,563,,,,,,4.5,,,
Tera L-LD 30,Conventional,20.9,30,23984.3,28,Yes,5.1:1,49.5,,,,,,,1025,,990,938,,,,,,4.5,,,>109
Tera L-LD 40,Conventional,21.8,40,29987.7,28,Yes,4.3:1,70,,,,,,,1420,,1372,1300,,,,,,4.5,,,>132
Tongar 20,Conventional,19,20,25984.2,26,Yes,5.0:1,20,,,,,,,575,,555,526,,,,,,5,,,
Tongar 20 DS,Conventional,19,20,27982.4,26,Yes,5.0:1,20,,,,,,,575,,555,526,,,,,,5,,,>132
Tongar 30 DS,Conventional,21.8,30,37985.3,28,Yes,5.0:1 / 2.0:1,43.5,,,,,,,1080,,1043,988,,,,,,5,,,>150
Triumph 10 2S,Conventional,30.8,10,53588.6,32,Yes,4.7:1 / 2.1:1,15,,,,,,,620,,599,567,,,,,,5,,,
Triumph 20 2S,Conventional,31.8,20,62679.4,32,Yes,3.8:1 / 1.7:1,25.5,,,,,,,839,,811,769,,,,,,5,,,>132
Triumph 30 2S,Conventional,33.6,30,69986.9,34,Yes,3.8:1 / 1.7:1,51.5,,,,,,,1550,,1497,1419,,,,,,5,405 +/- 10,405 +/- 10,405
Venga C 20 2S,Conventional,29,20,44486.2,32,Yes,6.0:1 / 2.3:1,30,,,,,,,485,,468,444,,,,,,5,,,>132
Venga C 30 2S,Conventional,29,30,49783.3,32,Yes,5.3:1 / 1.6:1,49.5,,,,,,,815,,787,746,,,,,,5,,,>200
Venga C 40 2S,Conventional,30.8,40,57680.1,32,Yes,4.8:1 / 1.6:1,70.5,,,,,,,1030,,995,942,,,,,,5,,,>300
Winner Trolling 10,Conventional,5.5,10,349.8,12,Yes,5.1:1,28.5,,,,,,,250,,241,228,,,,,,2.5,,,
Winner Trolling 20,Conventional,6.4,20,589.5,12,Yes,5.1:1,36.5,,,,,,,335,,323,306,,,,,,2.5,,,
Winner Trolling 30,Conventional,7.3,30,778.9,12,Yes,4.3:1,58,,,,,,,580,,560,530,,,,,,2.5,16.6,16.6,
Winner Trolling 30LC,Conventional,7.3,30,857.9,12,Yes,4.3:1,58,,,,,,,580,,560,530,,,,,,2.5,16.6,16.6,
Zodiac C-10,Conventional,8,10,1098.5,18,Yes,5.1:1,19,,,,,,,280,,270,256,,,,,,3,,,
Zodiac C-20,Conventional,9,20,1289.5,18,Yes,5.1:1,31.5,,,,,,,454,,439,416,,,,,,3,,,
Admiral LP-R PG,Low-Profile Baitcasting,9,LP,9493.17,26,No,6.4:1,2.8,,,,,160,,130,,125,,,,,,,5,44,44.45,
Black Bird 2 LS-R,Low-Profile Baitcasting,5,LP,1297.5,12,No,6.4:1,5.5,,,,,185,,150,,144,,,,,,,3.5,,,
Charger 2 TC-R,Low-Profile Baitcasting,6.8,LP,2498.8,18,No,7.1:1,4.6,,,,,179,,145,,140,,,,,,,3,,,
Energy SNB-R,Low-Profile Baitcasting,4.1,LP,769.8,8,No,6.2:1,6,,,,,172,,140,,135,,,,,,,2.5,,,
Jet-Bullet LP HS-R,Low-Profile Baitcasting,8.2,LP,7543.24,25,No,10.1:1,2.7,,,,,154,,125,,120,,,,,,,5,36,36.07-36.58,
Jet-Series JS-R,Low-Profile Baitcasting,7.3,LP,3590.7,21,No,6.4:1,3.4,,,,,160,,130,,125,,,,,,,4.5,,38.72,
Jet-Series JSG-R,Low-Profile Baitcasting,8.6,LP,5886.74,24,No,6.4:1,2.8,,,,,160,,130,,125,,,,,,,4.5,32.8,31.91,
Jet-Series JSGHS-R,Low-Profile Baitcasting,8.6,LP,5886.74,24,No,7.1:1,2.8,,,,,160,,130,,125,,,,,,,4.5,32.8,,
Jet-Series JSX-R,Low-Profile Baitcasting,9,LP,10939.55,26,No,7.1:1,1.9,,,,,148,,120,,115,,,,,,,5,36.5,,
Jet-Series JSXHS-R,Low-Profile Baitcasting,9,LP,10939.55,26,No,7.9:1,1.9,,,,,148,,120,,115,,,,,,,5,36.5,34.92,
JSX Inferno LP-R,Low-Profile Baitcasting,9.5,LP,17878.92,28,No,8.1:1,1.7,,,,,142,,115,,111,,,,,,,5,31.38,31.38,
Mayor 2 TMC-R,Low-Profile Baitcasting,7.3,LP,3809.5,21,No,6.4:1,3.1,,,,,135,,110,,106,,,,,,,4,27.9,27.9,
Nitro 2 TN-R,Low-Profile Baitcasting,5.7,LP,1798.8,16,No,6.4:1,3.9,,,,,179,,145,,140,,,,,,,3,,,
Optimus,Low-Profile Baitcasting,3.6,LP,391.6,7,No,6.2:1,6,,,,,160,,130,,125,,,,,,,1.5,,,
Pillar 2 TPC-R,Low-Profile Baitcasting,8.2,LP,4848.74,23,No,7.1:1,2.7,,,,,160,,130,,125,,,,,,,4.5,,,
Pillar 2 TPC-R-HS,Low-Profile Baitcasting,8.2,LP,4848.74,23,No,7.8:1,2.7,,,,,160,,130,,125,,,,,,,4.5,,36.74,
Pro Bird 2 MS-R,Low-Profile Baitcasting,7.7,LP,3108.7,16,No,7.1:1,4.5,,,,,179,,145,,140,,,,,,,3.5,,,
Profisher,Low-Profile Baitcasting,3.2,LP,189.9,4,No,6.2:1,6.5,,,,,166,,135,,130,,,,,,,1.5,,,
Riva 2 MS-R,Low-Profile Baitcasting,5,LP,1049.5,10,No,6.6:1,4.9,,,,,160,,130,,125,,,,,,,3,,,
Silver Bird 2 LS-R,Low-Profile Baitcasting,7.3,LP,2595.7,14,No,6.4:1,4.7,,,,,179,,145,,140,,,,,,,3.5,,,
Spectrum TSH-R,Low-Profile Baitcasting,7.3,LP,2998.5,20,No,7.1:1,3.8,,,,,148,,120,,115,,,,,,,3.5,,,
SportPro X2 MS-R,Low-Profile Baitcasting,5.2,LP,1298.5,14,No,6.6:1,4.9,,,,,160,,130,,125,,,,,,,3,,,
T-Tech STT-HSR,Low-Profile Baitcasting,6.3,LP,2098.6,18,No,7.3:1,3.9,,,,,179,,145,,140,,,,,,,4,,,
T-Tech STT-R,Low-Profile Baitcasting,6.3,LP,1998.6,18,No,5.4:1,3.9,,,,,179,,145,,140,,,,,,,4,,,
Thunderbolt SSP HS-R,Low-Profile Baitcasting,5.4,LP,1699.7,17,No,7.3:1,3.6,,,,,154,,125,,120,,,,,,,3.5,,21.76,
Winner 2 LP,Low-Profile Baitcasting,4.5,LP,679.5,9,No,6.3:1,5.5,,,,,148,,120,,115,,,,,,,2,,,
Zero 2 Z-R,Low-Profile Baitcasting,7.7,LP,3489.5,20,No,6.4:1,3.7,,,,,172,,140,,135,,,,,,,4,,,
Zero 2 ZHS-R,Low-Profile Baitcasting,7.7,LP,3589.5,20,No,7.1:1,3.7,,,,,172,,140,,135,,,,,,,4,,,
Zero GS ZG-R,Low-Profile Baitcasting,9,LP,4377.11,22,No,7.1:1,4.5,,,,,166,,135,,130,,,,,,,4,56,56.56,
Admiral 1000s,Spinning,6.3,1000,4053.56,22,No,5.2:1,,232,156,103,,,,,,,,,,,,,4.5,,,
Admiral 2000s,Spinning,8.2,2000,4282.79,22,No,6.2:1,,,208,137,,98,,,,,,,,,,,4.5,,,
Admiral 4000s,Spinning,17.2,4000,5675.63,24,No,6.2:1,,,,,231,,171,,158,,,,,,,,4.5,32,,
Admiral 6000s,Spinning,20.8,6000,11568.52,27,Yes,5.0:1,,,,,,,,,,285,270,253,,,,,4.5,,,
Admiral 8000s,Spinning,23.5,8000,15328.36,27,Yes,4.8:1,,,,,,,,,,,393,369,329,,,,4.5,58,58.48,
Adriatica 3000S,Spinning,5.4,3000,249,6,No,6.1:1,,,,,173,,128,,118,,,,,,,,2,,,
Spark 2000S,Spinning,3,2000,8.5,1,No,5.4:1,,,234,154,,111,,,,,,,,,,,0.5,,,
Spark 3000S,Spinning,3,3000,9.5,1,No,5.4:1,,,,,195,,144,,126,,,,,,,,0.5,,,
Adriatica 5000S,Spinning,7.5,6000,449.8,11,No,5.4:1,,,,,,,,,,241,228,214,,,,,2,14.7,14-15.59,
Alfa 1000,Spinning,3.6,1000,1050.8,15,No,5.8:1,,232,156,103,,,,,,,,,,,,,4,,,
Libra 2000S,Spinning,3,2000,31.8,1,No,5.4:1,,,234,154,,111,,,,,,,,,,,0.5,,,
Libra 3000S,Spinning,3,3000,32.8,1,No,5.4:1,,,,,195,,144,,126,,,,,,,,0.5,,,
Alfa 2000,Spinning,4,2000,1050.8,15,No,5.8:1,,,221,146,,104,,,,,,,,,,,4,,,
Hydra Smart 25S,Spinning,3,2000,62.5,1,No,5.0:1,,,260,171,,123,,,,,,,,,,,1.5,,,
Alfa 4000,Spinning,9,4000,1200.85,16,No,5.8:1,,,,,202,,149,,138,,,,,,,,4,,,
Lagoon-HP 2000S,Spinning,3,2000,161.5,5,No,5.6:1,,,247,163,,117,,,,,,,,,,,1.5,,,
Alfa 6000,Spinning,13.5,6000,1887.74,17,No,5.4:1,,,,,,,,,,260,247,231,,,,,4,,,
Alfa 8000,Spinning,14.5,8000,2390.36,19,No,5.2:1,,,,,,,,,,,393,369,329,,,,4,38.1,37.73-38.20,
Azimut 10000,Spinning,27.2,10000,21599.8,26,Yes,5.4:1,,,,,,,,,,,,,674,,477,227,,,55,
Azimut 4000,Spinning,15.4,4000,4698.8,22,Yes,5.8:1,,,,,317,,238,,217,,,,,,,,4.5,,,
Azimut 6000,Spinning,19,6000,6899.8,24,Yes,5.4:1,,,,,,,,,,372,352,330,,,,,4.5,,,
Azimut 8000,Spinning,23.6,8000,15899.8,26,Yes,5.4:1,,,,,,,,,,,576,541,482,,,,4.5,,,
Bestia 1000,Spinning,7.2,1000,5486.65,24,No,5.2:1,,213,143,94,,,,,,,,,,,,,5,,,
Bestia 2000,Spinning,9,2000,6685.14,25,No,6.2:1,,,195,128,,92,,,,,,,,,,,5,,,
Bestia 3000,Spinning,17.2,3000,7552.79,25,No,6.2:1,,,,,144,,106,,98,,,,,,,,5,24.7,,
Bestia 4000,Spinning,18.1,4000,8099.93,25,No,6.2:1,,,,,195,,144,,133,,,,,,,,5,,,
Bestia 6000,Spinning,19,6000,9116.82,26,Yes,5.6:1,,,,,,,,,,251,238,223,,,,,5,,,
Bestia 8000,Spinning,24.5,8000,16603.79,27,Yes,5.2:1,,,,,,,,,,,352,330,295,,,,5,60.5,,
Bird 2 20S,Spinning,3.6,2000,798.4,14,No,5.1:1,,,247,163,,117,,,,,,,,,,,3.5,,,
Bird 2 GS 10S,Spinning,3.5,1000,869.8,15,No,5.2:1,,213,143,94,,,,,,,,,,,,,3.5,,,
Bird 2 GS 30S,Spinning,8.5,3000,869.8,15,No,5.1:1,,,,,166,,123,,113,,,,,,,,3.5,18.7,18.5,
Bird 2 GSX 10S,Spinning,4,1000,1372.8,15,No,5.2:1,,213,143,94,,,,,,,,,,,,,4,,,
Bird 2 GSX 20S,Spinning,5,2000,1510.7,15,No,5.2:1,,,247,163,,117,,,,,,,,,,,4,,,
Bird 2 GSX 30S,Spinning,8.6,3000,1098.8,15,No,5.1:1,,,,,166,,123,,113,,,,,,,,4,18,,
Bird 2 GSX 40S,Spinning,9.5,4000,1373.89,16,No,5.1:1,,,,,216,,160,,148,,,,,,,,4,,,
Caliber 80 SLC,Spinning,17.2,8000,5312.42,23,No,4.2:1,,,,,,,,,,,503,472,421,,,,4,37.7,37.72,
Caliber HSV 80 SLC,Spinning,15.4,8000,2884.78,20,No,4.7:1,,,,,,,,,,,503,472,421,,,,4,31.72,30.24-32.1,
Commandor 2 20S,Spinning,6,2000,1980.8,18,No,5.8:1,,,247,163,,117,,,,,,,,,,,4,10,9.7-10,
Lagoon-HP 4000S,Spinning,5.5,4000,228.5,6,No,5.2:1,,,,,223,,165,,145,,,,,,,,1.5,,,
Commandor 2 30S,Spinning,10.8,3000,1498.8,16,No,5.8:1,,,,,166,,123,,113,,,,,,,,4,18,18.6,
Commandor 2 40S,Spinning,12,4000,1698.8,17,No,5.8:1,,,,,216,,160,,148,,,,,,,,4,21.4,,
Commandor 2 60S,Spinning,13.4,6000,1949.8,18,No,4.8:1,,,,,,,,,,289,274,257,,,,,4,,,
Commandor GS 40S,Spinning,12.7,4000,2610.8,19,Yes,4.0:1,,,,,216,,160,,148,,,,,,,,4,,,
Commandor GS 60S,Spinning,14.5,6000,3198.8,20,Yes,4.8:1,,,,,,,,,,248,199,164,,,,,4,,,
Conquest II 2000s,Spinning,5.5,2000,1590.8,16,No,5.2:1,,,208,137,,98,,,,,,,,,,,4,,,
Conquest II 4000s,Spinning,12.7,4000,2290.8,18,No,5.2:1,,,,,231,,171,,158,,,,,,,,4,,,
Corsair 10S,Spinning,4.8,1000,2098.5,18,No,6.2:1,,213,143,94,,,,,,,,,,,,,4,,,
Corsair 20S,Spinning,6.1,2000,2098.5,18,No,6.2:1,,,208,137,,98,,,,,,,,,,,4,,,
Corsair 30S,Spinning,10.8,3000,1919.64,18,No,6.2:1,,,,,158,,117,,108,,,,,,,,4,,,
Dragon 30s,Spinning,5.8,3000,362.8,8,No,5.0:1,,,,,166,,123,,113,,,,,,,,2,,,
Dragon 40s,Spinning,5.8,4000,362.8,8,No,5.0:1,,,,,216,,160,,148,,,,,,,,2,9,9.02-9.95,
Easyspin 1000s,Spinning,3.2,1000,629,12,No,5.2:1,,213,143,94,,,,,,,,,,,,,3,,,
Element 1000,Spinning,2,1000,219,6,No,5.4:1,,232,156,103,,,,,,,,,,,,,2.5,,,
Element 2000,Spinning,3.6,2000,249,6,No,5.4:1,,,208,137,,98,,,,,,,,,,,2.5,,,
Element 3000,Spinning,5.4,3000,249,6,No,5.4:1,,,,,144,,106,,98,,,,,,,,2.5,,,
Element 4000,Spinning,5.4,4000,249,6,No,5.2:1,,,,,195,,144,,133,,,,,,,,2.5,,,
Element PRO 1000,Spinning,2,1000,299.8,8,No,5.4:1,,232,156,103,,,,,,,,,,,,,3,,,
Element PRO 2000,Spinning,3.6,2000,299.8,8,No,5.4:1,,,208,137,,98,,,,,,,,,,,3,5.63,,
Element PRO 3000,Spinning,5.4,3000,349.8,8,No,5.4:1,,,,,144,,106,,98,,,,,,,,3,,,
Element PRO 4000,Spinning,6.5,4000,379.8,8,No,5.2:1,,,,,195,,144,,133,,,,,,,,3,11.8,,
Everest II 4000s,Spinning,13,4000,2718.89,19,No,4.3:1,,,,,231,,171,,158,,,,,,,,4,,,
Everest II 6000s,Spinning,16.3,6000,5080.52,22,No,4.3:1,,,,,,,,,,280,265,249,,,,,4,,,
Everest II 8000s,Spinning,22,8000,11320.36,26,No,3.6:1,,,,,,,,,,,384,360,321,,,,4,46.3,,
Evia 8000,Spinning,18.1,8000,8475,24,No,4.7:1,,,,,,,,,,,805,755,674,,,,4,41.7,41.7,
Fisher MT10,Spinning,5.2,1000,1998.8,18,No,5.1:1,,232,156,103,,,,,,,,,,,,,4.5,,,
Full Metal 60,Spinning,18.2,6000,5498.8,24,No,4.5:1,,,,,,,,,,290,232,191,,,,,4,49,49.15,
Gold 30s,Spinning,8,3000,995,15,No,6.2:1,,,,,180,,133,,123,,,,,,,,4,17.16,,
Gold 60s,Spinning,14,6000,1846.8,17,No,5.7:1,,,,,,,,,,260,247,231,,,,,4,,,
Gold 80s,Spinning,14,8000,2185.73,18,No,5.7:1,,,,,,,,,,,375,352,314,,,,4,32.6,,
Goliaf 10000,Spinning,30.8,10000,31499.8,30,Yes,4.9:1,,,,,,,,,,,,,593,,420,200,5,,112,
Goliaf 20000,Spinning,31.8,20000,33198.8,32,Yes,5.8:1,,,,,,,,,,,,,881,,623,297,5,,106,
Goliaf 30000,Spinning,33.6,30000,39798.8,32,Yes,5.8:1,,,,,,,,,,,,,1486,,1052,502,5,,120,
Hercules G2 20s,Spinning,3.7,2000,459.5,12,No,5.0:1,,,221,146,,104,,,,,,,,,,,2.5,3.9,,
Hercules G2 40s,Spinning,6.8,4000,459.5,12,No,5.0:1,,,,,173,,128,,118,,,,,,,,2.5,10.39,,
Horizon 2 2000s,Spinning,3.8,2000,738,14,No,5.2:1,,,208,137,,98,,,,,,,,,,,3.5,,,
Horizon 2 3000s,Spinning,7.7,3000,748.5,14,No,5.2:1,,,,,144,,106,,98,,,,,,,,3.5,,,
Horizon 2 4000s,Spinning,8.2,4000,768.5,14,No,5.2:1,,,,,187,,139,,128,,,,,,,,3.5,,,
Hydra G2 30s,Spinning,5.2,3000,184.2,5,No,5.0:1,,,,,173,,128,,118,,,,,,,,2,5.88,5.88,
Hydra Smart 2 25S,Spinning,3.4,2000,62.5,1,No,5.0:1,,,260,171,,123,,,,,,,,,,,1.5,,5.4,
JSX 10S,Spinning,7.7,1000,6143.75,24,No,6.2:1,,232,156,103,,,,,,,,,,,,,5,,,
JSX 20S,Spinning,9.5,2000,9119.25,26,No,6.2:1,,,234,154,,111,,,,,,,,,,,5,,,
JSX Inferno 10S,Spinning,8.2,1000,6723.01,26,No,6.2:1,,232,156,103,,,,,,,,,,,,,5,,,
JSX Inferno 20S,Spinning,10,2000,11556.39,27,No,6.2:1,,,234,154,,111,,,,,,,,,,,5,,22.45,
Lacerti 2 4000S,Spinning,3.8,4000,98.5,3,No,6.1:1,,,,,245,,181,,168,,,,,,,,1,,,
Lacerti-S 2 4000S,Spinning,4.2,4000,138,5,No,6.1:1,,,,,202,,149,,138,,,,,,,,1,,4.94-4.95,
Lagoon 1000S,Spinning,1.8,1000,183,5,No,6.1:1,,232,156,103,,,,,,,,,,,,,1.5,,3.8,
Lagoon 3000S,Spinning,5.4,3000,178,5,No,6.1:1,,,,,173,,128,,118,,,,,,,,1.5,,,
Lagoon-HP 2 2000S,Spinning,3.5,2000,161.5,5,No,5.6:1,,,247,163,,117,,,,,,,,,,,1.5,,5,
Lagoon-HP 2 4000S,Spinning,5.4,4000,228.5,6,No,5.2:1,,,,,223,,165,,153,,,,,,,,1.5,,,
Libra 2 2000S,Spinning,3.3,2000,31.8,1,No,5.4:1,,,234,154,,111,,,,,,,,,,,0.5,,4.1,
Libra 2 3000S,Spinning,3.3,3000,32.8,1,No,5.4:1,,,,,195,,144,,133,,,,,,,,0.5,,4.5,
Mayor 2 2000s,Spinning,7.2,2000,3129.9,20,No,5.2:1,,,208,137,,98,,,,,,,,,,,4,,,
Mayor 2 4000s,Spinning,14,4000,3129.9,20,No,5.4:1,,,,,238,,176,,163,,,,,,,,4,,,
Mayor LTD 2 3000s,Spinning,13.6,3000,2988.5,20,No,5.2:1,,,,,137,,101,,93,,,,,,,,4,,,
Mayor LTD 2 4000s,Spinning,15.4,4000,3988.5,21,No,6.2:1,,,,,209,,155,,143,,,,,,,,4,,,
Mayor LTD 2 6000s,Spinning,19,6000,9198.8,26,Yes,4.3:1,,,,,,,,,,260,247,231,,,,,4,44.3,,
Megara 8000,Spinning,25.4,8000,22471.96,28,No,4.7:1,,,,,,,,,,,805,755,674,,,,5,72,71.76-72.73,
Meteor 30s,Spinning,7.7,3000,698,13,No,6.0:1,,,,,187,,139,,128,,,,,,,,3.5,16.3,16,
Model De Luxe 430S,Spinning,9,4000,789.8,14,No,3.8:1,,,,,238,,176,,154,,,,,,,,4,24.4,24.24-24.3,
Mosquito 2 3000s,Spinning,8.6,3000,847.8,14,No,5.2:1,,,,,166,,123,,113,,,,,,,,4,,,
Narga 2000,Spinning,5.5,2000,1620.9,17,No,5.6:1,,,208,137,,98,,,,,,,,,,,4,,,
Narga 4000,Spinning,11.7,4000,1620.9,17,No,5.2:1,,,,,202,,149,,138,,,,,,,,4,,,
Narga 6000,Spinning,13.6,6000,1984.63,18,No,4.6:1,,,,,,,,,,285,270,253,,,,,4,,,
Narga 8000,Spinning,14.5,8000,3490.8,20,No,4.3:1,,,,,,,,,,,425,399,356,,,,4,44.6,42.38-44.04,
Natora 1000,Spinning,5,1000,2348.5,19,No,5.2:1,,213,143,94,,,,,,,,,,,,,4,,,
Natora 2000,Spinning,6.3,2000,2348.5,19,No,6.2:1,,,195,128,,92,,,,,,,,,,,4,11.55,,
Natora 3000,Spinning,11.3,3000,2348.5,19,No,6.2:1,,,,,144,,106,,98,,,,,,,,4,,,
Natora 4000,Spinning,12.7,4000,2498.5,19,No,6.2:1,,,,,195,,144,,133,,,,,,,,4,,,
Natora 6000,Spinning,15,6000,3115.8,20,No,5.6:1,,,,,,,,,,251,238,223,,,,,4,,,
Natora 8000,Spinning,18.1,8000,7084.7,22,No,5.3:1,,,,,,,,,,,352,330,295,,,,4,45.5,,
Overlord 3 10S,Spinning,5,1000,2499.8,19,No,5.3:1,,232,156,103,,,,,,,,,,,,,4,,,
Overlord 3 20S,Spinning,6.4,2000,2799.8,19,No,5.1:1,,,247,163,,117,,,,,,,,,,,4,,,
Overlord 3B 10S,Spinning,5.5,1000,2999.8,20,No,5.7:1,,232,156,103,,,,,,,,,,,,,4.5,,,
Overlord 3B 20S,Spinning,7,2000,3499.8,20,No,5.3:1,,,247,163,,117,,,,,,,,,,,4.5,,,
Overlord 3BS 10S,Spinning,7.3,1000,5599.8,24,No,5.9:1,,232,156,103,,,,,,,,,,,,,5,,,
Overlord 3BS 20S,Spinning,9.1,2000,6499.8,25,No,5.7:1,,,247,163,,117,,,,,,,,,,,5,,,
Overlord 3E 10S,Spinning,6.4,1000,4499.8,22,No,5.9:1,,232,156,103,,,,,,,,,,,,,4.5,,,
Overlord 3E 20S,Spinning,8.4,2000,5199.8,23,No,5.3:1,,,247,163,,117,,,,,,,,,,,4.5,,,
Overlord 3GS 10S,Spinning,7.7,1000,6499.8,25,No,5.7:1,,232,156,103,,,,,,,,,,,,,5,,,
Overlord 3GS 20S,Spinning,9.5,2000,9599.8,26,No,5.1:1,,,247,163,,117,,,,,,,,,,,5,,,
Overlord 3RS 10S,Spinning,8.2,1000,7499.8,28,No,5.9:1,,232,156,103,,,,,,,,,,,,,5,,,
Overlord 3RS 20S,Spinning,10,2000,11998.8,28,No,5.1:1,,,247,163,,117,,,,,,,,,,,5,,,
Overlord 88,Spinning,24.5,8000,17889.25,27,No,4.5:1,,,,,,,,,,,823,772,689,,,,5,80.5,80.5,
P-Series 2 GS 10S,Spinning,6.5,1000,4628.06,23,No,5.2:1,,213,143,94,,,,,,,,,,,,,4.5,,,
P-Series 2 GS 20S,Spinning,8.6,2000,4628.06,23,No,5.1:1,,,234,154,,111,,,,,,,,,,,4.5,,,
P-Series 2 GS 30S,Spinning,16.3,3000,4628.06,23,No,5.8:1,,,,,158,,117,,108,,,,,,,,4.5,25,25.32,
P-Series 2 GS 40S,Spinning,16.3,4000,4705.8,23,No,5.1:1,,,,,202,,149,,138,,,,,,,,4.5,,,
P-Series 2 GS 60S,Spinning,18.4,6000,7782.42,25,Yes,3.8:1,,,,,,,,,,270,256,240,,,,,4.5,,,
Pegasus 10s,Spinning,2.3,1000,398.8,10,No,5.0:1,,213,143,94,,,,,,,,,,,,,2.5,,,
Pegasus 30s,Spinning,5.8,3000,398.8,10,No,5.0:1,,,,,158,,117,,108,,,,,,,,2.5,,,
Pelengas,Spinning,5.5,2000,1249.49,12,No,4.2:1,,,221,146,,104,,,,,,,,,,,2.5,11.71,11.71-11.8,
Pride 2000S,Spinning,4,2000,398.5,9,No,5.6:1,,,221,146,,104,,,,,,,,,,,2,,,
Pride 4000S,Spinning,7.5,4000,479.8,12,No,5.2:1,,,,,187,,139,,128,,,,,,,,2,,,
Pride 6000S,Spinning,7.5,6000,532.8,12,No,5.0:1,,,,,,,,,,260,247,231,,,,,2,16.7,,
Proton 2000,Spinning,3.6,2000,495,12,No,5.2:1,,,221,146,,104,,,,,,,,,,,3,,,
Proton 4000,Spinning,7.2,4000,529,12,No,5.1:1,,,,,202,,149,,138,,,,,,,,3,,,
Proton 6000,Spinning,8.1,6000,629.8,12,No,4.8:1,,,,,,,,,,260,247,231,,,,,3,17.8,17.26-17.36,
Pulsar 2000,Spinning,3.8,2000,649.5,13,No,5.8:1,,,221,146,,104,,,,,,,,,,,3.5,,,
Pulsar 4000,Spinning,8.6,4000,745,14,No,5.8:1,,,,,202,,149,,138,,,,,,,,3.5,,,
Pulsar 6000,Spinning,9.5,6000,1249.8,16,No,5.4:1,,,,,,,,,,260,247,231,,,,,3.5,,,
Sabre 40s,Spinning,9,4000,786.9,14,No,5.0:1,,,,,216,,160,,148,,,,,,,,3,13.88,,
Sabre 60s,Spinning,9.9,6000,1159.8,16,No,4.8:1,,,,,,,,,,241,228,214,,,,,3,21.5,,
Silver 80,Spinning,23.6,8000,13998.8,26,No,4.3:1,,,,,,,,,,,617,579,517,,,,4.5,67,67.04,
Sirius 20s,Spinning,3.6,2000,598,12,No,5.4:1,,,234,154,,111,,,,,,,,,,,3,,,
Spark 2 2000S,Spinning,3.2,2000,8.5,1,No,5.4:1,,,234,154,,111,,,,,,,,,,,0.5,,3.4,
Spark 2 3000S,Spinning,3.2,3000,9.5,1,No,5.4:1,,,,,195,,144,,133,,,,,,,,0.5,,,
Super Cast 6000s,Spinning,8.2,6000,698,13,No,4.8:1,,,,,,,,,,347,329,309,,,,,3,15.79-17.25,15.79-17.25,
Tagara 10000,Spinning,26.3,10000,20771.87,26,Yes,4.2:1,,,,,,,,,,,,,574,406,194,,4,63,62,
Tagara 4000,Spinning,16.3,4000,5075.88,23,Yes,6.2:1,,,,,223,,165,,153,,,,,,,,4,,,
Tagara 6000,Spinning,18.1,6000,6009.81,24,Yes,5.6:1,,,,,,,,,,289,274,257,,,,,4,45,45.1,
Tagara 8000,Spinning,22.6,8000,14655.31,26,Yes,4.7:1,,,,,,,,,,,448,420,375,,,,4,54.85,,
Titan 8000,Spinning,12.7,8000,1795.8,17,No,4.3:1,,,,,,,,,,,622,584,521,,,,3.5,27,27.5-28.34,
Venga 10000,Spinning,31.7,10000,32721,30,Yes,5.1:1,,,,,,,,,,,,,574,,406,194,5,99,98-100,
Venga 6000,Spinning,22.6,6000,18790.96,28,Yes,5.5:1,,,,,,,,,,289,274,257,,,,,5,,,
Venga 8000,Spinning,27.2,8000,23001.67,28,Yes,6.0:1,,,,,,,,,,,448,420,375,,,,5,60.5,,
Z-Series 2 10S,Spinning,6,1000,3597.46,21,No,5.2:1,,213,143,94,,,,,,,,,,,,,4.5,,,
Z-Series 2 20S,Spinning,8.2,2000,3897.8,21,No,5.1:1,,,234,154,,111,,,,,,,,,,,4.5,,,
Z-Series 2 30S,Spinning,15.7,3000,3897.8,21,No,5.8:1,,,,,158,,117,,108,,,,,,,,4.5,,,
Z-Series 2 40S,Spinning,15.7,4000,3997.8,21,No,5.1:1,,,,,202,,149,,138,,,,,,,,4.5,,,
Z-Series 2 60S,Spinning,17.7,6000,5697.8,24,Yes,4.3:1,,,,,,,,,,270,256,240,,,,,4.5,,,